0.009076849,0.015950882,0.023481073,0.036041807,0.054039276,0.073130341,0.102063772,0.139121061,0.160743021,0.195269415,0.243981315,0.335687169,0.392054242,0.410551641,0.470730678,0.52597291,0.547813589,0.543876642,0.538471152,0.585964474,0.624615288,0.658423034,0.69173085,0.73347498,0.817181959,0.824180975,0.866081332,0.873017857,0.901263885,0.923292037,0.930915965,0.953444047,0.946007593,0.931134684,0.880016873,0.865581403,0.851270915,0.830648815,0.824555922,0.805402365,0.805402365,0.770344795,0.74144261,0.749160274,0.749160274,0.717852177,0.642362793,0.622053149,0.567560812,0.559124498,0.539377275,0.521942227,0.508506616,0.506569389,0.500195285,0.502257495,0.503444828,0.508506616,0.517255386,0.535065381,0.553812745,0.625990095,0.702479339,0.728413192,0.744723398,0.755909325,0.790966895,0.828274149,0.854395476,0.874642628,0.916824197,0.931384649,0.938758612,0.953694012,0.984314706,1,1,1,1,1,1,1,1,1,1,1,1,1,1,1,1,1,1,1,1,1,1,1,1,1,1,1,1,1,1,1,1,1,1,1,1,1,1,1,1,1,1,1,1,1,1,1,1,1,1,1,1,1,1,1,1,1,1,1,1,1,1,1,1,1,1,1,1,1,1,1,1,1,1,1,1,1,1,1,1,1,1,1,1,1,1,1,1,1,1,1,1,1,1,1,1,1,1,1,1,1,1,1,1,1,1,1,1,1,1,1,1,1,1,1,1,1,1,1,1,1,1,1,1,1,1,1,1,1,1,1,1,1,1,1,1,1,1,1,1,1,1,1,1,1,1,1,1,1,1,1,1,1,1,1,1,1,1,1,1,1,1,1,1,1,1,1,1,1,1,1,1,1,1,1,1,1,1,1,1,1,1,1,1,1,1,1,1,1,1,1,1,1,1,1,1,1,1,1,1,1,1,1,1,1,1,1,1,1,1,1,1,1,1,1,1,1,1,1,1,1,1,1,1,1,1,1,1,1,1,1,1,1,1,1,1,1,1,1,1,1,1,1,1,1,1,1,1,1,1,1,1,1,1,1,1,1,1,1,1,1,1,1,1,1,1,1,1,1,1,1,1,1,1,1,1,1,1,1,1,1,1,1,1,1,1,1,1,1,1,1,1,1,1,1,1,1,1,1,1,1,1,1,1,1,1,1,1,1,1,1,1,1,1,1,1,1,1,1,1,1,1,1,1,1,1,1,1,1,1,1,1,1,1,1,1,1,1,1,1,1,1,1,1,1,1,1,1,1,1,1,1,1,1,1,1,1,1,1,1,1,1,1,1,1,1,1,1,1,1,1,1,1,1,1,1,1,1,1,1,1,1,1,1,1,1,1,1,1,1,1,1,1,1,1,1,1,1,1,1,1,1,1,1,1,1,1,1,1,1,1,1,1,1,1,1,1,1,1,1,1,1,1,1,1
0.004854712,0.007949856,0.012055515,0.017722879,0.02370117,0.031325965,0.042512296,0.059910114,0.073802928,0.093235909,0.10552462,0.111884504,0.130017242,0.143259936,0.155442648,0.172925264,0.205367743,0.230015829,0.245802476,0.275552603,0.297904065,0.306935101,0.326580078,0.33621177,0.35772938,0.381197354,0.392800611,0.403393352,0.408424727,0.434394256,0.440944938,0.450407033,0.462766409,0.474666459,0.483527899,0.481732998,0.482750579,0.49007858,0.508048787,0.515157725,0.525835265,0.542540562,0.567174515,0.594811747,0.625,0.662396122,0.702894454,0.749215614,0.782661541,0.808673469,0.820601786,0.835830177,0.848267285,0.860930522,0.870576347,0.886935384,0.89357793,0.900277008,0.924168975,0.938132455,0.941658658,0.948753463,0.9559048,0.966737803,0.981379671,0.988785403,0.992509469,0.996247668,1,1,1,1,1,1,1,1,1,1,1,1,1,1,1,1,1,1,1,1,1,1,1,1,1,1,1,1,1,1,1,1,1,1,1,1,1,1,1,1,1,1,1,1,1,1,1,1,1,1,1,1,1,1,1,1,1,1,1,1,1,1,1,1,1,1,1,1,1,1,1,1,1,1,1,1,1,1,1,1,1,1,1,1,1,1,1,1,1,1,1,1,1,1,1,1,1,1,1,1,1,1,1,1,1,1,1,1,1,1,1,1,1,1,1,1,1,1,1,1,1,1,1,1,1,1,1,1,1,1,1,1,1,1,1,1,1,1,1,1,1,1,1,1,1,1,1,1,1,1,1,1,1,1,1,1,1,1,1,1,1,1,1,1,1,1,1,1,1,1,1,1,1,1,1,1,1,1,1,1,1,1,1,1,1,1,1,1,1,1,1,1,1,1,1,1,1,1,1,1,1,1,1,1,1,1,1,1,1,1,1,1,1,1,1,1,1,1,1,1,1,1,1,1,1,1,1,1,1,1,1,1,1,1,1,1,1,1,1,1,1,1,1,1,1,1,1,1,1,1,1,1,1,1,1,1,1,1,1,1,1,1,1,1,1,1,1,1,1,1,1,1,1,1,1,0.996247668,1,1,1,1,1,1,1,1,1,1,1,1,1,1,1,1,1,1,1,1,1,1,1,1,1,1,1,1,1,1,1,1,1,1,1,1,1,1,1,1,1,1,1,1,1,1,1,1,1,1,1,1,1,1,1,1,1,1,1,1,1,1,1,1,1,1,1,1,1,1,1,1,1,1,1,1,1,1,1,1,1,1,1,1,1,1,1,1,1,0.996247668,0.996247668,1,1,1,1,1,1,1,1,1,1,1,1,1,1,1,1,1,1,1,1,1,1,1,1,1,1,1,1,1,1,1,1,1,1,1,1,1,1,1,1,1,1,1,1,1,1,1,1,1,1,1,1,1,1,1,1,1,1,1,1,1,1,1,1,1
0.011139059,0.016294584,0.027230546,0.037322876,0.0478214,0.058319924,0.07334906,0.100563983,0.146651252,0.181646331,0.199393835,0.255479698,0.299317284,0.34037401,0.402552766,0.431080004,0.486322236,0.545220203,0.57056039,0.623334219,0.658235561,0.651205299,0.657766877,0.617866238,0.602212189,0.620115921,0.587401772,0.596306769,0.601274821,0.606149135,0.606867784,0.614210502,0.601181084,0.573497477,0.556437376,0.529066225,0.511881142,0.514443281,0.504882126,0.502257495,0.500070303,0.504132231,0.508506616,0.517255386,0.5463138,0.564686216,0.599743786,0.650924089,0.678107766,0.723101439,0.797028543,0.847771407,0.909637707,0.931384649,0.984314706,0.992126107,0.992126107,0.992126107,1,1,1,1,1,1,1,1,1,1,1,1,1,1,1,1,1,1,1,1,1,1,1,1,1,1,1,1,1,1,1,1,1,1,1,1,1,1,1,1,1,1,1,1,1,1,1,1,1,1,1,1,1,1,1,1,1,1,1,1,1,1,1,1,1,1,1,1,1,1,1,1,1,1,1,1,1,1,1,1,1,1,1,1,1,1,1,1,1,1,1,1,1,1,1,1,1,1,1,1,1,1,1,1,1,1,1,1,1,1,1,1,1,1,1,1,1,1,1,1,1,1,1,1,1,1,1,1,1,1,1,1,1,1,1,1,1,1,1,1,1,1,1,1,1,1,1,1,1,1,1,1,1,1,1,1,1,1,1,1,1,1,1,1,1,1,1,1,1,1,1,1,1,1,1,1,1,1,1,1,1,1,1,1,1,1,1,1,1,1,1,1,1,1,1,1,1,1,1,1,1,1,1,1,1,1,1,1,1,1,1,1,1,1,1,1,1,1,1,1,1,1,1,1,1,1,1,1,1,1,1,1,1,1,1,1,1,1,1,1,1,1,1,1,1,1,1,1,1,1,1,1,1,1,1,1,1,1,1,1,1,1,1,1,1,1,1,1,1,1,1,1,1,1,1,1,1,1,1,1,1,1,1,1,0.992126107,1,1,1,1,1,1,1,1,1,1,1,1,1,1,1,1,1,1,1,1,1,1,1,1,1,1,1,1,1,1,1,1,1,1,1,1,1,1,1,1,1,1,1,1,1,1,1,1,1,1,1,1,1,1,1,1,1,1,1,1,1,1,1,1,1,1,1,1,1,1,1,1,1,1,1,1,1,1,1,1,1,1,1,1,1,1,1,1,1,1,1,1,1,1,1,1,1,1,1,1,1,1,1,1,1,1,1,1,1,1,1,1,1,1,1,1,1,1,1,1,1,1,1,1,1,1,1,1,1,1,1,1,1,1,1,1,0.992126107,1,1,1,1,1,1,1,1,1,1,1,1,1,1,1,1,1,1,1,1
0.004748714,0.008670643,0.014309741,0.021030019,0.03068291,0.041685511,0.053564362,0.070474589,0.084812595,0.114852451,0.14814998,0.185878229,0.228037198,0.276379388,0.315655209,0.346875177,0.394546046,0.435984227,0.469345356,0.52535474,0.57151337,0.618399853,0.655018656,0.705954265,0.721528916,0.748749223,0.789353553,0.856061677,0.899598621,0.923787382,0.952110068,0.981337272,0.992502403,1,0.996247668,1,1,1,1,1,1,1,1,1,1,1,1,1,1,1,1,1,1,1,1,1,1,1,1,1,1,1,1,1,1,1,1,1,1,1,1,1,1,1,1,1,1,1,1,1,1,1,1,1,1,1,1,1,1,1,1,1,1,1,1,1,1,1,1,1,1,1,1,1,1,1,1,1,1,1,1,1,1,1,1,1,1,1,1,1,1,1,1,1,1,1,1,1,1,1,1,1,1,1,1,1,1,1,1,1,1,1,1,1,1,1,1,1,1,1,1,1,1,1,1,1,1,1,1,1,1,1,1,1,1,1,1,1,1,1,1,1,1,1,1,1,1,1,1,1,1,1,1,1,1,1,1,1,1,1,1,1,1,1,1,1,1,1,1,1,1,1,1,1,1,1,1,1,1,1,1,1,1,1,1,1,0.996247668,1,1,1,1,1,1,1,1,1,1,1,1,1,1,1,1,1,1,1,1,1,1,1,1,1,1,1,1,1,1,1,1,1,0.996247668,1,1,1,1,1,1,1,1,1,1,1,1,1,1,0.996247668,1,1,1,1,1,1,1,1,1,1,1,1,1,1,1,1,1,1,1,1,1,1,1,1,1,1,1,1,1,1,1,1,1,1,1,1,1,1,1,1,1,1,1,1,1,1,1,1,1,1,1,1,1,1,1,0.996247668,1,1,1,1,1,1,1,1,1,1,1,1,1,1,1,1,1,1,1,1,1,1,1,1,1,1,1,1,1,1,1,1,1,1,1,0.996247668,0.996247668,1,1,1,1,1,1,1,1,1,1,1,1,1,1,1,1,1,1,1,1,1,1,1,1,1,1,1,1,1,1,1,1,1,1,1,1,1,1,1,1,1,1,1,1,1,1,1,1,1,1,1,1,1,1,1,1,1,0.996247668,0.996247668,1,1,1,1,1,1,1,1,1,1,1,1,1,1,1,1,1,1,1,1,1,1,1,1,1,1,1,1,1,1,1,1,1,1,1,1,1,1,1,1,1,1,1,1,1,1,1,1,1,1,1,1,1,1,1,1,1,1,1,1,1,1,1,1,1,1,1,1,1,1,1,1,1,1,1,1,1,1,1,1,1,1
0.010170445,0.016732022,0.027418019,0.036416754,0.054632942,0.067506132,0.081691637,0.103938509,0.118873908,0.13543408,0.153837742,0.168585668,0.188270399,0.214829165,0.233764002,0.257135715,0.281819744,0.303597932,0.330375416,0.34890406,0.356902936,0.385305191,0.405052415,0.417519411,0.423081129,0.434204565,0.431017513,0.433079723,0.428955303,0.453701823,0.464200347,0.500976425,0.542126888,0.564092549,0.583652299,0.616241466,0.62367792,0.674014592,0.745629521,0.777906232,0.83992876,0.881047978,0.888015748,0.901826306,0.916074302,0.923292037,0.930822228,0.901576341,0.916261776,0.887640801,0.861082035,0.861082035,0.854395476,0.797028543,0.712665406,0.682857098,0.668796575,0.650924089,0.655298474,0.606930275,0.576559546,0.559124498,0.539377275,0.52362949,0.513130966,0.506569389,0.501757565,0.50094518,0.50094518,0.501757565,0.502819916,0.507506757,0.517255386,0.531003453,0.548750957,0.579684107,0.599743786,0.638175882,0.655298474,0.664234717,0.687668922,0.761596026,0.834710744,0.874642628,0.916824197,0.931384649,0.968879376,0.992126107,1,1,1,1,1,1,1,1,1,1,1,1,1,1,1,1,1,1,1,1,1,1,1,1,1,1,1,1,1,1,1,1,1,1,1,1,1,1,1,1,1,1,1,1,1,1,1,1,1,1,1,1,1,1,1,1,1,1,1,1,1,1,1,1,1,1,1,1,1,1,1,1,1,1,1,1,1,1,1,1,1,1,1,1,1,1,1,1,1,1,1,1,1,1,1,1,1,1,1,1,1,1,1,1,1,1,1,1,1,1,1,1,1,1,1,1,1,1,1,1,1,1,1,1,1,1,1,1,1,1,1,1,1,1,1,1,1,1,1,1,1,1,1,1,1,1,1,1,1,1,1,1,1,1,1,1,1,1,1,1,1,1,1,1,1,1,1,1,1,1,1,1,1,1,1,1,1,1,1,1,1,1,1,1,1,1,1,1,1,1,1,1,1,1,1,1,1,1,1,1,1,1,1,1,1,1,1,1,1,1,1,1,1,1,1,1,1,1,1,1,1,1,1,1,1,1,1,1,1,1,1,1,1,1,1,1,1,1,1,1,1,1,1,1,1,1,1,1,1,1,1,1,1,1,1,1,1,1,1,1,1,1,1,1,1,1,1,1,1,1,1,1,1,1,1,1,1,1,1,1,1,1,1,1,1,1,1,1,1,1,1,1,1,1,1,1,1,1,1,1,1,1,1,1,1,1,1,1,1,1,1,1,1,1,1,1,1,1,1,1,1,1,1,1,1,1,1,1,1,1,1,1,1,1,1,1,1,1,1,1,1,1,1,1,1,1,1,1,1,1,1,1,1,1,1,1,1,1,1,1,1,1,1,1,1,1,1,1,1,1,1,1,1,1,1,1,1,1,1,1,1,1,1,1,1,1,1,1,1,1,1,1,1,1,1,1,1,1,1,1,1,1,1,1,1,1,1,1,1,1,1,1
0.00479818,0.00863531,0.014027079,0.020217367,0.027001244,0.036534004,0.044088134,0.054907004,0.06469416,0.074806377,0.084155407,0.095871728,0.11103652,0.130059642,0.15572531,0.180408729,0.198668664,0.214525977,0.240601504,0.259193567,0.270867488,0.301578665,0.329095766,0.356676466,0.38328905,0.407414212,0.439680027,0.468080445,0.50843038,0.538180508,0.579237097,0.615481373,0.632787325,0.688874442,0.739887783,0.764747866,0.786576403,0.796752219,0.822834813,0.84266352,0.853496523,0.857460851,0.867346939,0.873819888,0.870576347,0.864131664,0.88363531,0.907032619,0.907032619,0.931122449,0.952322065,0.97037707,0.985075471,0.996247668,1,1,1,1,1,1,1,1,1,1,1,1,1,1,1,1,1,1,1,1,1,1,1,1,1,1,1,1,1,1,1,1,1,1,1,1,1,1,1,1,1,1,1,1,1,1,1,1,1,1,1,1,1,1,1,1,1,1,1,1,1,1,1,1,1,1,1,1,1,1,1,1,1,1,1,1,1,1,1,1,1,1,1,1,1,1,1,1,1,1,1,1,1,1,1,1,1,1,1,1,1,1,1,1,1,1,1,1,1,1,1,1,1,1,1,1,1,1,1,1,1,1,1,1,1,1,1,1,1,1,1,1,1,1,1,1,1,1,1,1,1,1,1,1,1,1,1,1,1,1,1,1,1,1,1,1,1,1,1,1,1,1,1,1,1,1,1,1,1,1,1,1,1,1,1,1,1,1,1,1,1,1,1,1,1,1,1,1,1,1,1,1,1,1,1,1,1,1,1,1,1,1,1,1,1,1,1,1,1,1,1,1,1,1,1,1,1,1,1,1,1,1,1,1,1,1,1,1,1,1,1,1,1,1,1,1,1,1,1,1,1,1,1,1,1,1,1,1,1,1,1,1,1,1,1,1,1,1,1,1,1,1,1,1,1,1,1,1,1,1,1,1,1,1,1,1,1,1,1,1,1,1,1,1,1,1,1,1,1,1,1,1,1,1,1,1,1,1,1,1,1,1,1,1,1,1,1,1,1,1,1,1,1,1,1,1,1,1,1,1,1,1,1,1,1,1,1,1,1,1,1,1,1,1,1,1,1,1,1,1,1,1,1,1,1,1,1,1,1,1,1,1,1,1,1,1,1,1,1,1,1,1,1,1,1,1,1,1,1,1,1,1,1,1,1,1,1,1,1,1,1,1,1,1,1,1,1,1,1,1,1,1,1,1,1,1,1,1,1,1,1,1,1,1,1,1,1,1,1,1,1,1,1,1,1,1,1,1,1,1,1,1,1,1,1,1,1,1,1,1,1,1,1,1,1,1,1,1,1,1,1,1,1,1,1,1
0.009764252,0.017825618,0.027230546,0.038447718,0.047352716,0.057882485,0.072724148,0.093158775,0.106031964,0.125341749,0.134590448,0.162805231,0.1790217,0.194175819,0.234013967,0.262978644,0.30069209,0.318877033,0.361152338,0.367557687,0.360371198,0.380524614,0.406677186,0.449108719,0.452420753,0.445421738,0.463575435,0.444703089,0.4339546,0.43601681,0.430392601,0.436891687,0.454482963,0.478073396,0.492883813,0.514599509,0.560936743,0.604555609,0.633051602,0.689074974,0.771157181,0.810307925,0.830773797,0.845271759,0.852395757,0.85280195,0.881047978,0.923791967,0.953694012,0.968879376,0.992126107,1,1,1,1,1,1,1,1,1,1,1,1,1,1,1,1,1,1,1,1,1,1,1,1,1,1,1,1,1,1,1,1,1,1,1,1,1,1,1,1,1,1,1,1,1,1,1,1,1,1,1,1,1,1,1,1,1,1,1,1,1,1,1,1,1,1,1,1,1,1,1,1,1,1,1,1,1,1,1,1,1,1,1,1,1,1,1,1,1,1,1,1,1,1,1,1,1,1,1,1,1,1,1,1,1,1,1,1,1,1,1,1,1,1,1,1,1,1,1,1,1,1,1,1,1,1,1,1,1,1,1,1,1,1,1,1,1,1,1,1,1,1,1,1,1,1,1,1,1,1,1,1,1,1,1,1,1,1,1,1,1,1,1,1,1,1,1,1,1,1,1,1,1,1,1,1,1,1,1,1,1,1,1,1,1,1,1,1,1,1,1,1,1,1,1,1,1,1,1,1,1,1,1,1,1,1,1,1,1,1,1,1,1,1,1,1,1,1,1,1,1,1,1,1,1,1,1,1,1,1,1,1,1,1,1,1,1,1,1,1,1,1,1,1,1,1,1,1,1,1,1,1,1,1,1,1,1,1,1,1,1,1,1,1,1,1,1,1,1,1,1,0.992126107,1,1,1,1,1,1,1,1,1,1,1,1,1,1,1,1,1,1,1,1,1,1,1,1,1,1,1,1,1,1,1,1,1,1,1,1,1,1,1,1,1,1,1,1,1,1,1,1,1,1,1,1,1,1,1,1,1,1,1,1,1,1,1,1,1,1,1,1,1,1,1,1,1,1,1,1,1,1,1,1,1,1,1,1,1,1,1,1,1,1,1,1,1,1,1,1,1,1,1,1,1,1,1,1,1,1,1,1,1,1,1,1,1,1,1,1,1,1,1,1,1,1,1,1,1,1,1,1,1,1,1,1,1,1,1,1,1,1,1,1,1,1,1,1,1,1,1,1,1,1,1,1,1,1,1,1,1,1,1,1,1,1,1,1,1,1,1,1,1,1,1,1,1,1,1,1,1
0.004861779,0.008677709,0.013087229,0.018019673,0.024167562,0.031347165,0.041169653,0.048441122,0.056871502,0.065337215,0.077590593,0.093900164,0.103588388,0.114329527,0.130208039,0.143775793,0.148482108,0.160876816,0.177695178,0.186867545,0.209466335,0.224313132,0.245717678,0.2683942,0.285650687,0.304066086,0.318637289,0.3326997,0.349419131,0.36340381,0.374717338,0.390574651,0.399450223,0.404142405,0.42626067,0.438641246,0.445990446,0.460985641,0.47591017,0.496862457,0.519270451,0.528753745,0.553105037,0.56763384,0.589575442,0.624872802,0.657393013,0.677052123,0.686217423,0.703410311,0.730786082,0.753943128,0.769736842,0.803203969,0.819216745,0.860146136,0.876611171,0.903464017,0.924168975,0.938132455,0.952322065,0.959501668,0.966737803,0.963112669,0.974030471,0.981379671,0.985075471,0.996247668,1,1,1,1,1,1,1,1,1,1,1,1,1,1,1,1,1,1,1,1,1,1,1,1,1,0.996247668,1,1,1,1,1,1,1,1,1,1,1,1,1,1,1,1,1,1,1,1,1,1,1,1,1,0.996247668,1,1,1,1,1,1,1,1,1,1,1,1,1,1,1,1,1,1,1,1,1,1,1,1,1,1,1,1,1,1,1,1,1,1,1,1,1,1,1,1,1,1,1,1,1,1,1,1,1,1,1,1,1,1,1,1,1,1,1,1,1,1,1,1,1,1,1,1,1,1,1,1,1,1,1,1,1,1,1,1,1,1,1,1,1,1,1,1,1,1,1,1,1,1,1,1,1,1,1,1,1,1,1,1,1,1,1,1,1,1,1,1,1,1,1,1,1,1,1,1,1,1,1,1,1,1,1,1,1,1,1,1,1,1,1,1,1,1,1,1,1,1,1,1,1,1,1,1,1,1,1,1,1,1,1,1,1,1,1,1,1,1,1,1,1,1,1,1,1,1,1,1,1,1,1,1,1,1,1,1,1,1,1,1,1,1,1,1,1,1,1,1,1,1,1,1,1,1,1,1,1,1,1,1,1,1,1,1,1,1,1,1,1,1,1,1,1,1,1,1,1,1,1,1,1,1,1,1,1,1,1,1,1,1,1,1,1,1,1,1,1,1,1,1,1,1,1,1,1,1,1,1,1,1,1,1,1,1,1,1,1,1,1,1,1,1,1,1,1,1,1,1,1,1,1,1,1,1,1,1,1,1,1,1,1,1,1,1,1,1,1,1,1,1,1,1,1,1,1,1,1,1,1,1,1,1,1,1,1,1,1,1,0.996247668,1,1,1,1,1,1,1,1,1,1,1,1,1,1,1,1,1,1,1,1,1,1,1,1,1,1,1,1,1,1,1,1,1,1,1,1,1,1,1,1,1,1,1,1,1,1,1,1,1,1,1,1,1,1,1,1,1,1,1,1,1,1,1,1,1,1,1
0.011076567,0.018419285,0.028449124,0.041291068,0.05891359,0.074973832,0.097283195,0.110531332,0.131684607,0.159087003,0.182239998,0.193519661,0.214141761,0.21792248,0.233201581,0.24216907,0.267134309,0.27750785,0.28469434,0.292693215,0.31562749,0.332593854,0.357309128,0.368932494,0.35637176,0.34734178,0.352372323,0.343498571,0.340998922,0.351809902,0.369713634,0.380399631,0.427611742,0.4563577,0.485884797,0.485197394,0.489821744,0.496352075,0.500007811,0.500195285,0.488634411,0.480947992,0.477136028,0.449327438,0.425330813,0.408645659,0.379462263,0.368713775,0.352528551,0.349778937,0.33959287,0.336624537,0.334156134,0.338842975,0.350216376,0.37336937,0.401209205,0.448483807,0.511756159,0.543439204,0.577340686,0.599743786,0.625990095,0.65973535,0.697480042,0.750285116,0.779031074,0.797028543,0.809339312,0.828274149,0.847771407,0.854395476,0.867831086,0.888453186,0.902513709,0.902513709,0.953694012,0.984314706,0.992126107,1,1,1,1,1,1,1,1,1,1,1,1,1,1,1,1,1,1,1,1,1,1,1,1,1,1,1,1,1,1,1,1,1,1,1,1,1,1,1,1,1,1,1,1,1,1,1,1,1,1,1,1,1,1,1,1,1,1,1,1,1,1,1,1,1,1,1,1,1,1,1,1,1,1,1,1,1,1,1,1,1,1,1,1,1,1,1,1,1,1,1,1,1,1,1,1,1,1,1,1,1,1,1,1,1,1,1,1,1,1,1,1,1,1,1,1,1,1,1,1,1,1,1,1,1,1,1,1,1,1,1,1,1,1,1,1,1,1,1,1,1,1,1,1,1,1,1,1,1,1,1,1,1,1,1,1,1,1,1,1,1,1,1,1,1,1,1,1,1,1,1,1,1,1,1,1,1,1,1,1,1,1,1,1,1,1,1,1,1,1,1,1,1,1,1,1,1,1,1,1,1,1,1,1,1,1,1,1,1,1,1,1,1,1,1,1,1,1,1,1,1,1,1,1,1,1,1,1,1,1,1,1,1,1,1,1,1,1,1,1,1,1,1,1,1,1,1,1,1,1,1,1,1,1,1,1,1,1,1,1,1,1,1,1,1,1,1,1,1,1,1,1,1,1,1,1,1,1,1,1,1,1,1,1,1,1,1,1,1,1,1,1,1,1,1,1,1,1,1,1,1,1,1,1,1,1,1,1,1,1,1,1,1,1,1,1,1,1,1,1,1,1,1,1,1,1,1,1,1,1,1,1,1,1,1,1,1,1,1,1,1,1,1,1,1,1,1,1,1,1,1,1,1,1,1,1,1,1,1,1,1,1,1,1,1,1,1,1,1,1,1,1,1,1,1,1,1,1,1,1,1,1,1,1,1,1,1,1,1,1,1,1,1,1,1,1,1,1,1,1,1,1,1,1,1,1,1,1,1,1,1,1,1,1,1,1,1,1,1,1,1
0.004663915,0.008557578,0.012811634,0.019736842,0.028965741,0.038986093,0.054143818,0.06655266,0.075661428,0.085589915,0.096126124,0.103376392,0.120477415,0.143358867,0.161908531,0.176677596,0.209826728,0.246989655,0.299267907,0.338197467,0.387316977,0.425511617,0.468568037,0.509412629,0.545635706,0.574566115,0.598041156,0.637924699,0.658876986,0.679377014,0.70535361,0.72591017,0.752098762,0.752098762,0.769736842,0.779036407,0.796632088,0.8437235,0.86618096,0.886320595,0.89300554,0.916975239,0.941658658,0.959501668,0.97037707,0.977698004,0.988785403,0.992509469,1,1,1,1,0.996247668,1,1,1,1,1,1,1,1,1,1,1,1,1,1,1,1,1,1,1,1,1,1,1,1,1,1,1,1,1,1,1,1,1,1,1,1,1,1,1,1,1,1,1,1,1,1,1,1,1,1,1,1,1,1,1,1,1,1,1,1,1,1,1,1,1,1,1,1,1,1,1,1,1,1,1,1,1,1,1,1,1,1,1,1,1,1,1,1,1,1,1,1,1,1,1,0.996247668,0.996247668,1,1,1,1,1,1,1,1,1,1,1,1,1,1,1,1,1,1,1,1,1,1,1,1,1,1,1,1,1,1,1,1,1,1,1,1,1,1,1,1,1,1,1,1,1,1,1,1,1,1,1,1,1,1,1,1,1,1,1,1,1,1,1,1,1,1,1,1,1,1,1,1,1,1,1,1,1,1,1,1,1,1,1,1,1,1,1,1,1,1,1,1,1,1,1,0.996247668,1,1,1,1,1,1,1,1,1,1,1,1,1,1,1,1,1,1,1,1,1,1,1,1,1,1,1,1,1,1,1,1,1,1,1,1,1,1,1,1,1,1,1,1,1,1,1,1,1,1,1,1,1,1,1,1,1,1,1,1,1,1,1,1,1,1,1,1,1,1,1,1,1,1,1,1,1,1,1,1,1,1,1,1,1,1,1,1,1,1,1,1,1,1,1,1,1,1,1,1,1,1,1,1,1,1,1,1,1,1,1,1,1,1,1,1,1,1,1,1,1,1,1,1,1,1,1,1,1,1,1,1,1,1,1,1,1,1,1,1,1,1,1,1,1,1,1,1,1,1,1,1,1,1,1,1,1,1,1,1,1,1,1,1,1,1,1,1,1,1,1,1,1,1,1,1,1,1,1,1,1,1,1,1,1,1,1,1,1,1,1,1,1,1,1,1,1,1,1,1,1,1,1,1,1,1,1,1,1,1,1,1,1,1,1,1,1,1,1,1,1,1,1,1,1,1,1,1,1,1,1,1,1,1,1,1,1,1,1,1,1,1,1,1,1,1,1,1,1,1,1,1,1,1
0.010889094,0.020575232,0.031105001,0.048665031,0.066287553,0.083253917,0.093502476,0.132309519,0.163117687,0.19730038,0.21898483,0.242887719,0.275789342,0.324532488,0.367432705,0.452983174,0.544657782,0.670452593,0.769126217,0.87264291,0.923417019,0.96878564,0.984314706,0.976503304,0.976503304,0.953537784,0.946007593,0.938758612,0.938758612,0.909637707,0.895452202,0.881516662,0.874642628,0.867831086,0.828274149,0.809339312,0.828274149,0.821900045,0.779031074,0.739224172,0.723101439,0.668796575,0.634051462,0.610617257,0.589432736,0.573497477,0.567560812,0.548750957,0.541626959,0.531003453,0.507506757,0.501757565,0.500382759,0.502257495,0.510693809,0.529066225,0.553812745,0.570497899,0.603305785,0.668796575,0.707541127,0.767345217,0.784967739,0.815588433,0.828274149,0.84120983,0.84120983,0.847771407,0.881516662,0.895452202,0.924073177,0.946195066,0.984314706,1,1,1,1,1,1,1,1,1,1,1,1,1,1,1,1,1,1,1,1,1,1,1,1,1,1,1,1,1,1,1,1,1,1,1,1,1,1,1,1,1,1,1,1,1,1,1,1,1,1,1,1,1,1,1,1,1,1,1,1,1,1,1,1,1,1,1,1,1,1,1,1,1,1,1,1,1,1,1,1,1,1,1,1,1,1,1,1,1,1,1,1,1,1,1,1,1,1,1,1,1,1,1,1,1,1,1,1,1,1,1,1,1,1,1,1,1,1,1,1,1,1,1,1,1,1,1,1,1,1,1,1,1,1,1,1,1,1,1,1,1,1,1,1,1,1,1,1,1,1,1,1,1,1,1,1,1,1,1,1,1,1,1,1,1,1,1,1,1,1,1,1,1,1,1,1,1,1,1,1,1,1,1,1,1,1,1,1,1,1,1,1,1,1,1,1,1,1,1,1,1,1,1,1,1,1,0.992126107,0.992126107,1,1,1,1,1,1,1,1,1,1,1,1,1,1,0.992126107,1,1,1,1,1,1,1,1,1,1,1,1,1,1,1,1,1,1,1,1,1,1,1,1,1,1,1,1,1,1,1,1,1,1,1,1,1,1,1,1,1,1,1,1,1,1,1,1,1,1,1,1,1,1,1,1,1,1,1,1,1,1,1,1,1,1,1,1,1,1,1,1,1,1,1,1,1,1,1,1,1,1,1,1,1,1,1,1,1,1,1,1,1,1,1,1,1,1,1,1,1,1,1,1,1,1,1,1,1,1,1,1,1,1,1,1,1,1,1,1,1,1,0.992126107,1,1,1,1,1,1,1,1,1,1,1,1,1,1,1,1,1,1,1,1,1,1,1,1,1,1,1,1,1,1,1,1,1,1,1,1,1,1,1,1,1,1,1,1,1,1,1,1,1,1,1,1,1,1,1,1,1,1,1,1,1,1,1,1,1,1,1,1,1,1,1,1,1,1,1,1,1,1,1,1,1
0.004762847,0.008204251,0.012564306,0.018521397,0.025842331,0.035050031,0.046829951,0.057860817,0.071421505,0.08770281,0.102634406,0.124144949,0.146510543,0.163039177,0.196075245,0.23840381,0.290342868,0.338275199,0.406877155,0.4632116,0.491795749,0.51892419,0.550886144,0.570714851,0.601256431,0.640927978,0.688280853,0.702788456,0.741498954,0.75994262,0.778739612,0.83380208,0.857227656,0.891549833,0.912579852,0.92317966,0.955615072,0.966568206,0.985054271,0.996247668,0.988785403,0.996247668,0.992509469,1,1,1,1,1,1,1,1,1,1,1,1,1,1,1,1,1,1,1,1,1,1,1,1,1,1,1,1,1,1,1,1,1,1,1,1,1,1,1,1,1,1,1,1,1,1,1,1,1,1,1,1,1,1,1,1,1,1,1,1,1,1,1,1,1,1,1,1,1,1,1,1,1,1,1,1,1,1,1,1,1,1,1,1,1,1,1,1,1,1,1,1,1,1,1,1,1,1,1,1,1,1,1,1,1,1,1,1,1,1,1,1,1,1,1,1,1,1,1,1,1,1,1,1,1,1,1,1,1,1,1,1,1,1,1,1,1,1,1,1,1,1,1,1,1,1,1,1,1,1,1,1,1,1,1,1,1,1,1,1,1,1,1,1,1,1,1,1,1,1,1,1,1,1,1,1,1,1,1,1,1,1,1,1,1,1,0.996247668,1,1,1,1,1,1,1,1,1,1,1,1,1,1,1,1,1,1,1,1,1,1,1,1,1,1,1,1,1,1,1,1,1,1,1,1,1,1,1,1,1,1,1,1,1,1,1,1,1,1,1,1,1,1,1,1,1,1,1,1,1,1,1,1,1,1,1,1,1,1,1,1,1,1,1,1,1,1,1,1,1,1,1,1,1,1,1,1,1,1,1,1,1,1,1,1,1,1,1,1,1,1,1,1,1,1,1,1,1,1,1,1,1,1,1,1,1,1,1,1,1,1,1,1,1,1,1,1,1,1,1,1,1,1,1,1,1,1,1,1,1,1,1,1,1,1,1,1,1,1,1,1,1,1,1,1,1,1,1,1,1,1,1,1,1,1,1,1,1,1,1,1,1,1,1,1,1,1,1,1,1,1,1,1,1,1,1,1,1,1,1,1,1,1,1,1,1,1,1,1,1,1,1,1,1,1,1,1,1,1,1,1,1,1,1,1,1,1,1,1,1,1,1,1,1,1,1,1,1,1,1,1,1,1,1,1,1,1,1,1,1,1,1,1,1,1,1,1,1,1,1,1,1,1,1,1,1,1,1,1,1,1,1,1,1,1,1,1,1,1
0.010139199,0.016482057,0.027386774,0.041822244,0.054039276,0.067693606,0.074786358,0.077942164,0.090784108,0.100970176,0.10918777,0.124716837,0.130403537,0.142839288,0.158024653,0.193144714,0.221172023,0.240294334,0.259916574,0.288756269,0.299161055,0.318314612,0.336999484,0.350091393,0.371994563,0.395085066,0.412863816,0.440234967,0.470105766,0.48729085,0.518630193,0.51359965,0.499039198,0.500101548,0.466012592,0.468356012,0.476948554,0.49347748,0.530316049,0.502851162,0.476354888,0.478104642,0.466887469,0.455826524,0.438016529,0.428517865,0.420394007,0.424393445,0.427830461,0.450108578,0.489071849,0.547438641,0.609867362,0.692355762,0.752097361,0.844396882,0.901201394,0.976503304,1,1,1,1,1,1,1,1,1,1,1,1,1,1,1,1,1,1,1,1,1,1,1,1,1,1,1,1,1,1,1,1,1,1,1,1,1,1,1,1,1,1,1,1,1,1,1,1,1,1,1,1,1,1,1,1,1,1,1,1,1,1,1,1,1,1,1,1,1,1,0.992126107,1,1,1,1,1,1,1,1,1,1,1,1,1,1,1,1,1,1,1,1,1,1,1,1,1,1,1,1,1,1,1,1,1,1,1,1,1,1,1,1,1,1,1,1,1,1,1,1,1,1,1,1,1,1,1,1,1,1,1,1,1,1,1,1,1,1,1,1,1,1,1,1,1,1,1,1,1,1,1,1,1,1,1,1,1,1,1,1,1,1,1,1,1,1,1,1,1,1,1,1,1,1,1,1,1,1,1,1,1,1,1,1,1,1,1,1,1,1,1,1,1,1,1,1,1,1,1,1,1,1,1,1,1,1,1,1,1,1,1,1,1,1,1,1,1,1,1,1,1,1,1,1,1,1,1,1,1,1,1,1,1,1,1,1,1,1,1,1,1,1,1,1,1,1,1,1,1,1,1,1,1,1,1,1,1,1,1,1,1,1,1,1,1,1,1,1,1,1,1,1,1,1,1,1,1,1,1,1,1,1,1,1,1,1,1,1,1,1,1,1,1,1,1,1,1,1,1,1,1,1,1,1,1,1,1,1,1,1,1,1,1,1,1,1,1,1,1,1,1,1,1,1,1,1,1,1,1,1,1,1,1,1,1,1,1,1,1,1,1,1,1,1,1,1,1,1,1,1,1,1,1,1,1,1,1,1,1,1,1,1,1,1,1,1,1,1,1,1,1,1,1,1,1,1,1,1,1,1,1,1,1,1,1,1,1,1,1,1,1,1,1,0.992126107,1,1,1,1,1,1,1,1,1,1,1,1,1,1,1,1,1,1,1,1,1,1,1,1,1,1,1,1,1,1,1,1,1,1,1,1,1,1,1,1,1,1,1,1,1,1,1,1,1
0.004692182,0.008281983,0.012090847,0.017256487,0.023291311,0.033573125,0.043303748,0.053988354,0.069131946,0.080791735,0.097489966,0.107920176,0.126031715,0.13216547,0.149796484,0.168268415,0.180931652,0.193503024,0.221182656,0.260232348,0.283375261,0.318799819,0.348627678,0.375360393,0.415505399,0.438916841,0.473323817,0.516549833,0.555224999,0.587017355,0.62150913,0.663385437,0.714935836,0.762910566,0.810270507,0.838734524,0.865926565,0.893373,0.903138956,0.910106563,0.927638645,0.938132455,0.945198994,0.9559048,0.959501668,0.966737803,0.981379671,0.981379671,0.992509469,1,1,1,1,1,1,1,1,1,1,1,1,1,1,1,1,1,1,1,1,1,1,1,1,1,1,1,1,1,0.996247668,1,1,1,1,1,1,1,1,1,1,1,1,1,1,1,1,1,1,1,0.996247668,1,1,1,1,1,1,1,1,1,1,1,1,1,1,1,1,1,1,0.996247668,1,1,1,1,1,1,1,1,1,1,1,1,1,1,1,1,1,1,1,1,1,1,1,1,1,1,1,1,1,1,1,1,1,1,1,1,1,1,0.996247668,1,1,1,1,1,1,1,1,1,1,1,1,1,1,1,1,1,1,1,1,1,1,1,1,1,1,1,1,1,1,1,1,1,1,1,1,1,1,1,1,1,1,1,1,1,1,1,1,1,1,1,1,1,1,1,1,1,1,1,1,1,1,1,1,1,1,1,1,1,1,1,1,1,1,1,1,1,1,1,1,1,1,1,1,1,1,1,1,1,1,1,1,1,1,1,1,1,1,1,1,1,1,1,1,1,1,1,1,1,1,1,1,1,1,1,0.996247668,1,1,1,1,1,1,1,1,1,1,1,1,1,1,1,1,1,1,1,1,1,1,1,1,1,1,1,1,1,1,1,1,1,1,1,1,1,1,1,1,1,1,1,1,1,1,1,1,1,1,1,1,1,1,1,1,1,1,1,1,1,1,1,1,1,1,1,1,1,1,0.996247668,1,1,1,1,1,1,1,1,1,1,1,1,1,1,1,1,1,1,1,1,1,1,1,1,1,1,1,1,1,1,1,1,1,1,1,1,1,1,1,1,1,1,1,1,1,1,1,1,1,1,1,1,1,1,1,1,1,1,1,1,1,1,1,1,1,1,1,1,1,1,1,1,1,1,1,1,1,1,1,1,1,1,1,1,1,1,1,1,1,1,1,1,1,1,1,1,1,1,1,1,1,1,1,1,1,1,1,1,1,1,1,1,1,1,1,1,1,1,1,1,1,1,1,1,1,1,1,1,1,1,1,1,1,1,1,1,1,1,1,1,1,1,1,1,1,1,1,1,1,1,1,1,1,1,1,1
0.010014217,0.018106829,0.027855458,0.043447015,0.056507679,0.074317674,0.085878548,0.09162774,0.099251668,0.121842241,0.129153713,0.151994251,0.181458857,0.212485744,0.24060679,0.269196519,0.294286741,0.343592307,0.413613711,0.495008514,0.536690153,0.563373901,0.598618944,0.657298192,0.691918324,0.77215704,0.818338046,0.85280195,0.87370526,0.953694012,0.976565795,0.992126107,1,1,1,1,0.968879376,0.924073177,0.902513709,0.909637707,0.847771407,0.828274149,0.784967739,0.723101439,0.702479339,0.692543236,0.678107766,0.664234717,0.664234717,0.655298474,0.61436673,0.592807261,0.553812745,0.543939134,0.520317455,0.507506757,0.504882126,0.500632724,0.500382759,0.502257495,0.504882126,0.520317455,0.525379244,0.548750957,0.562186568,0.60483682,0.650924089,0.668796575,0.717852177,0.761596026,0.803152682,0.861082035,0.888453186,0.916824197,0.931384649,0.953694012,0.984314706,0.992126107,1,1,1,1,1,1,1,1,1,1,1,1,1,1,1,1,1,1,1,1,1,1,1,1,1,1,1,1,1,1,1,1,1,1,1,1,1,1,1,1,1,1,1,1,1,1,1,1,1,1,1,1,1,1,1,1,1,1,1,1,1,1,1,1,1,1,1,1,1,1,1,1,1,1,1,1,1,1,1,1,1,1,1,1,1,1,1,1,1,1,1,1,1,1,1,1,1,1,1,1,1,1,1,1,1,1,1,1,1,1,1,1,1,1,1,1,1,1,1,1,1,1,1,1,1,1,1,1,1,1,1,1,1,1,1,1,1,1,1,1,1,1,1,1,1,1,1,1,1,1,1,1,1,1,1,1,1,1,1,1,1,1,1,1,1,1,1,1,1,1,1,1,1,1,1,1,1,1,1,1,1,1,1,1,1,1,1,1,1,1,1,1,1,1,1,1,1,1,1,1,1,1,1,1,1,1,1,1,1,1,1,1,1,1,1,1,1,1,1,1,1,1,1,1,1,1,1,1,1,1,1,1,1,1,1,1,1,1,1,1,1,1,1,1,1,1,1,1,1,1,1,1,1,1,1,1,1,1,1,1,1,1,1,1,1,1,1,1,1,1,1,1,1,1,1,1,1,1,1,1,1,1,1,1,1,1,1,1,1,1,1,1,1,1,1,1,1,1,1,1,1,1,1,1,1,1,1,1,1,1,1,1,1,1,1,1,1,1,1,1,1,1,1,1,1,1,1,1,1,1,1,1,1,1,1,1,1,1,1,1,1,1,1,1,1,1,1,1,1,1,1,1,1,1,1,1,1,1,1,1,1,1,1,1,1,1,1,1,1,1,1,1,1,1,1,1,1,1,1,1,1,1,1,1,1,1,1,1,1,1,1,1,1,1,1,1,1,1,1,1,1,1,1,1,1,1,1,1,1,1,1,1,1,1,1,1,1,1,1,1,1,1
0.005377636,0.008529312,0.014451071,0.023764769,0.033424727,0.046201029,0.055415795,0.064708293,0.076989937,0.087201085,0.099079937,0.109488948,0.11856945,0.129685115,0.138490022,0.158346995,0.176140539,0.197693482,0.219302957,0.228842784,0.246339533,0.264373339,0.276994177,0.278888009,0.285488156,0.28786958,0.298511787,0.312729663,0.330325343,0.35736192,0.39649641,0.435722766,0.476970151,0.539607948,0.579745887,0.59082622,0.643486065,0.692951834,0.721550116,0.743534117,0.774019164,0.806511109,0.831201594,0.847398101,0.86360874,0.886716321,0.907032619,0.924168975,0.938132455,0.945198994,0.952322065,0.959501668,0.963112669,0.966737803,0.97037707,0.974030471,0.974030471,0.981379671,0.992509469,1,1,1,1,1,0.996247668,0.996247668,1,1,1,1,1,1,1,1,1,1,1,1,1,1,1,1,1,1,1,1,1,1,1,1,1,1,1,1,1,1,1,1,1,1,1,1,1,1,1,1,1,1,1,1,1,1,1,1,1,1,1,1,1,1,1,1,1,1,1,1,1,1,1,1,1,1,1,1,1,1,1,1,1,1,1,1,1,1,1,1,1,1,1,1,1,1,1,1,1,1,1,1,1,1,1,1,1,1,1,1,1,1,1,1,1,1,1,1,1,1,1,1,1,1,1,1,1,1,1,1,1,0.996247668,0.996247668,1,1,1,1,1,1,1,1,1,1,1,1,1,1,1,1,1,1,1,1,1,1,1,1,1,1,1,1,1,1,1,1,1,1,1,1,1,1,1,1,1,1,1,1,1,1,1,1,1,1,1,1,1,1,1,1,1,1,1,1,1,1,1,1,1,1,1,1,1,1,1,1,1,1,1,1,1,1,1,1,1,1,1,1,1,1,1,1,1,1,1,1,1,1,1,1,1,1,1,1,1,1,1,1,1,1,1,1,1,1,1,1,1,1,1,1,1,0.996247668,1,1,1,1,1,1,1,1,1,1,1,1,1,1,1,1,1,1,1,1,1,1,1,1,1,1,1,1,1,1,1,1,1,1,1,1,1,1,1,1,1,1,1,1,1,1,1,1,1,1,1,1,1,1,1,1,1,1,1,1,1,1,1,1,1,0.996247668,1,1,1,1,1,1,1,1,1,1,1,1,1,1,1,1,1,1,1,1,1,1,1,1,1,1,1,1,1,1,1,1,1,1,1,1,1,1,1,1,1,1,1,1,1,1,1,1,1,1,1,1,1,1,1,1,1,1,1,1,1,1,1,1,1,1,1,1,1,1,1,1,1,1,1,0.996247668,0.996247668,1,1,1,1,1,1,1,1,1,1,1,1,1,1,1,1,1,1,1,1,1,1,1,1,1,1,1,1,1,1,1,1,1,1,1,1,1,1,1,1,1,1,1,1,1,1,1,1,1,1
0.010951585,0.019669109,0.031292474,0.04291584,0.061069537,0.083785093,0.116093049,0.140495868,0.139902201,0.143714165,0.151775532,0.176490806,0.224202846,0.272258589,0.306347545,0.329125592,0.368370073,0.416425815,0.474542642,0.520598666,0.583808527,0.593807121,0.63320783,0.640550548,0.664047243,0.710040776,0.716539862,0.744723398,0.750285116,0.739224172,0.739224172,0.767345217,0.761596026,0.790966895,0.809339312,0.847146495,0.895452202,0.916824197,0.946007593,0.961067975,0.961255448,0.938758612,0.916824197,0.861082035,0.854395476,0.784967739,0.767345217,0.717852177,0.697480042,0.687668922,0.634051462,0.579684107,0.543939134,0.52362949,0.513130966,0.506569389,0.50094518,0.502257495,0.517255386,0.553812745,0.582871159,0.629989533,0.664234717,0.687668922,0.723101439,0.755909325,0.7731569,0.784967739,0.790966895,0.803152682,0.803152682,0.803152682,0.803152682,0.815588433,0.828274149,0.84120983,0.847771407,0.847771407,0.867831086,0.895452202,0.895452202,0.916824197,0.946195066,0.946195066,0.992126107,1,1,1,1,1,1,1,1,1,1,1,1,1,1,1,1,1,1,1,1,1,1,1,1,1,1,1,1,1,1,1,1,1,1,1,1,1,1,1,1,1,1,1,1,1,1,1,1,1,1,1,1,1,1,1,1,1,1,1,1,1,1,1,1,1,1,1,1,1,1,1,1,1,1,1,1,1,1,1,1,1,1,1,1,1,1,1,1,1,1,1,1,1,1,1,1,1,1,1,1,1,1,1,1,1,1,1,1,1,1,1,1,1,1,1,1,1,1,1,1,1,1,1,1,1,1,1,1,1,1,1,1,1,1,1,1,1,1,1,1,1,1,1,1,1,1,1,1,1,1,1,1,1,1,1,1,1,1,1,1,1,1,1,1,1,1,1,1,1,1,1,1,1,1,1,1,1,1,1,1,1,1,1,1,1,1,1,1,1,1,1,1,1,1,1,1,1,1,1,1,1,1,1,1,1,1,1,1,1,1,1,1,1,1,1,1,1,1,1,1,1,1,1,1,1,1,1,1,1,1,1,1,1,1,1,1,1,1,1,1,1,1,1,1,1,1,1,1,1,1,1,1,1,1,1,1,1,1,1,1,1,1,1,1,1,1,1,1,1,1,1,1,1,1,1,1,1,1,1,1,1,1,1,1,1,1,1,1,1,1,1,1,1,1,1,1,1,1,1,1,1,1,1,1,1,1,1,1,1,1,1,1,1,1,1,1,1,1,1,1,1,0.992126107,1,1,1,1,1,1,1,1,1,1,1,1,1,1,1,1,1,1,1,1,1,1,1,1,1,1,1,1,1,1,1,1,1,1,1,1,1,1,1,1,1,1,1,1,1,1,1,1,1,1,1,1,1,1,1,1,1,1,1,1,1,1,1,1,1,1,1,1,1,1,1,1,1,1,1,1,1,1,1,1,1,1,1,1,1,1,1,1,1,1,1,1,1
0.004663915,0.008239584,0.012246311,0.019461247,0.028096557,0.037353723,0.047162078,0.062581265,0.073025609,0.082869297,0.103630787,0.124568941,0.146807338,0.172776867,0.190301883,0.206908248,0.229761434,0.259031036,0.286004014,0.308143479,0.324509582,0.347518232,0.366703884,0.390715982,0.401994177,0.424585901,0.450279835,0.46451891,0.49928628,0.548066595,0.579470292,0.624533608,0.661081746,0.68475465,0.709473402,0.738248346,0.74354825,0.779841992,0.818213296,0.831696252,0.864908983,0.899005031,0.905951439,0.927186387,0.937764995,0.96304907,0.985075471,0.98877127,0.992502403,0.996247668,0.996247668,1,1,1,1,1,1,1,1,1,1,1,1,1,1,1,1,1,1,1,1,1,0.996247668,1,1,1,1,1,1,1,1,1,1,1,1,1,1,1,1,1,1,1,1,1,1,1,1,1,1,1,1,1,1,1,1,1,1,1,1,1,1,1,1,1,1,1,1,1,1,1,1,1,1,1,1,1,1,1,1,1,1,1,1,1,1,1,1,1,1,1,1,1,1,1,1,1,1,1,1,1,1,1,1,1,1,1,1,1,1,1,1,1,1,1,1,1,1,1,1,1,1,1,1,1,1,1,1,1,1,1,1,1,1,1,1,1,1,1,1,1,1,1,1,1,1,1,1,1,1,1,1,1,1,1,1,1,1,1,1,1,1,1,1,1,1,1,1,1,1,1,1,1,1,1,1,1,1,1,1,1,1,1,1,1,1,1,1,1,1,1,1,1,1,1,1,1,1,1,1,1,1,1,1,1,1,1,1,1,1,1,1,1,1,1,1,1,1,1,1,1,1,1,1,1,1,1,1,1,1,1,1,1,1,1,1,1,1,1,1,1,1,1,1,1,1,1,1,1,1,1,1,1,1,1,1,0.996247668,1,1,1,1,1,1,1,1,1,1,1,1,1,1,1,1,1,1,1,1,1,1,1,1,1,1,1,1,1,1,1,1,1,1,1,1,1,1,1,1,1,1,1,1,1,1,1,1,1,1,1,1,1,1,1,1,1,1,1,1,1,1,1,1,1,1,1,1,1,1,1,1,1,1,1,1,1,1,1,1,1,1,1,1,1,1,1,1,1,1,1,1,1,1,1,1,1,1,1,1,1,1,1,1,1,1,1,1,1,1,1,1,1,1,1,1,1,1,1,1,1,1,1,1,1,1,1,1,1,1,1,1,1,1,1,1,1,1,1,1,1,1,1,1,1,1,1,1,1,1,1,1,1,1,1,1,1,1,1,1,1,1,1,1,1,1,1,1,1,1,1,1,1,1,1,1,1,1,1,1,1,1,1,1,1,1,1,1,1,1,1,1,1,1
0.009170585,0.016950741,0.026886844,0.036166789,0.053101908,0.074942586,0.094596072,0.138527395,0.189457733,0.223859145,0.265165836,0.309503351,0.344185974,0.387367401,0.44760893,0.530222312,0.548219782,0.556156166,0.581871299,0.592182349,0.598275243,0.630426971,0.642987705,0.635113812,0.652455123,0.663609805,0.641487916,0.663609805,0.670233873,0.667109313,0.664797138,0.665609524,0.65973535,0.642362793,0.629989533,0.618178694,0.586120702,0.564686216,0.535065381,0.513130966,0.504132231,0.50094518,0.511881142,0.529066225,0.543939134,0.570497899,0.599743786,0.642362793,0.668796575,0.697480042,0.728413192,0.784967739,0.803152682,0.828274149,0.861082035,0.874642628,0.924073177,0.946195066,0.946195066,0.961255448,0.976565795,0.976565795,1,1,1,1,1,1,1,1,1,1,1,1,1,1,1,1,1,1,1,1,1,1,1,1,1,0.992126107,1,1,1,1,1,1,1,1,1,1,1,1,1,1,1,1,1,1,1,1,1,1,1,1,1,1,1,1,1,1,1,1,1,1,1,1,1,1,1,1,1,1,1,1,1,1,1,1,1,1,1,1,1,1,1,1,1,1,1,1,1,1,1,1,1,1,1,1,1,1,1,1,1,1,1,1,1,1,1,1,1,1,1,1,1,1,1,1,1,1,1,1,1,1,1,1,1,1,1,1,1,1,1,1,1,1,1,1,1,1,1,1,1,1,1,1,1,1,1,1,1,1,1,1,1,1,1,1,1,1,1,1,1,1,1,1,1,1,1,1,1,1,1,1,1,1,1,1,1,1,1,1,1,1,1,1,1,1,1,1,1,1,1,1,1,1,1,1,1,1,1,1,1,1,1,1,1,1,1,1,1,1,1,1,1,1,1,1,1,1,1,1,1,1,1,1,1,1,1,1,1,1,1,1,1,1,1,1,1,1,1,1,1,1,1,1,1,1,1,1,1,1,1,1,1,1,1,1,1,1,1,1,1,1,1,1,1,1,1,1,1,1,1,1,1,1,1,1,1,1,1,1,1,1,1,1,1,1,1,1,1,1,1,1,1,1,1,1,1,1,1,1,1,1,1,1,1,1,1,1,1,1,1,1,1,1,1,1,1,1,1,1,1,1,1,1,1,1,1,1,1,1,1,1,1,1,1,1,1,1,1,1,1,1,1,1,1,1,1,1,1,1,1,1,1,1,1,1,1,1,1,1,1,1,1,1,1,1,1,1,1,1,1,1,1,1,1,1,1,1,1,1,1,1,1,1,1,1,1,1,1,1,1,1,1,1,1,1,1,1,1,1,1,1,1,1,1,1,1,1,1,1,1,1,1,1,1,1,1,1,1,1,1,1,1,1,1,1,1,1,1,1,1,1,1,1,1,1,1,1,1,1
0.004861779,0.008437447,0.014875064,0.021192549,0.030393182,0.040674996,0.048653118,0.059351857,0.072156425,0.078374979,0.09153994,0.100189383,0.110132003,0.121494997,0.130391769,0.134744757,0.143295268,0.163710498,0.175151224,0.1893479,0.20641359,0.221203856,0.230008763,0.251526372,0.272337328,0.282986602,0.298292724,0.323809995,0.335406185,0.353461191,0.381310419,0.393796992,0.398503307,0.414918876,0.429907004,0.447121092,0.459784329,0.480362089,0.495413816,0.516415569,0.542971621,0.566192266,0.588663859,0.61599723,0.649930748,0.67001385,0.695142461,0.729775567,0.758522245,0.770507095,0.808277743,0.848267285,0.857743513,0.877077562,0.88034937,0.896920403,0.913844762,0.927638645,0.941658658,0.941658658,0.952322065,0.97037707,0.974030471,0.977698004,0.981379671,0.992509469,1,1,1,1,1,1,1,1,1,1,1,1,1,1,1,1,1,1,1,1,1,1,1,1,1,1,1,1,1,1,1,1,1,1,1,1,0.996247668,0.996247668,1,1,1,1,1,1,1,1,1,1,1,1,1,1,1,1,1,1,1,1,1,1,1,1,1,1,1,1,1,1,1,1,1,1,1,1,1,1,1,1,1,1,1,1,1,1,1,1,1,1,1,1,1,1,1,1,1,1,1,1,1,1,1,1,1,1,1,1,1,1,1,1,1,1,1,1,1,1,1,1,1,1,1,1,1,1,1,1,1,1,1,1,1,1,1,1,1,1,1,1,1,1,1,1,1,1,1,1,1,1,1,1,1,1,1,1,1,1,1,1,1,1,1,1,1,1,1,1,1,1,1,1,1,1,1,1,1,1,1,1,1,1,1,1,1,1,1,1,1,1,1,1,1,1,1,1,1,1,1,1,1,1,1,1,1,1,1,1,1,1,1,1,1,1,1,1,1,1,1,1,1,1,1,1,1,1,1,1,1,1,1,1,1,1,1,1,1,1,1,1,1,1,1,1,1,1,1,1,1,1,1,1,1,1,1,1,1,1,1,1,1,1,1,1,1,1,1,1,1,1,1,1,1,1,1,1,1,0.996247668,1,1,1,1,1,1,1,1,1,1,1,1,1,1,1,1,1,1,1,1,1,1,1,1,1,1,1,1,1,1,1,1,1,1,1,1,1,1,1,1,1,1,1,1,1,1,1,1,1,1,1,1,1,1,1,1,1,1,1,1,1,1,1,1,1,1,1,1,1,1,1,1,1,1,1,1,1,1,1,1,1,1,1,1,1,1,0.996247668,1,1,1,1,1,1,1,1,1,1,1,1,1,1,1,1,1,1,1,1,1,1,1,1,1,1,1,1,1,1,1,1,1,1,1,1,1,1,1,1,1,1,1,1,1,1,1,1,1,1,1,1,1,1,1,1,1,1,1,1,1,1,1,1,1,1,1,1,1,1,1
0.010857848,0.018606758,0.030698808,0.040509928,0.054133013,0.074786358,0.094783546,0.127310222,0.155649987,0.173303754,0.180458998,0.197394116,0.209079973,0.219609742,0.231670546,0.251074068,0.269009046,0.276133044,0.305441422,0.337936853,0.368588792,0.414207377,0.511287475,0.582308738,0.612335765,0.613023169,0.58343358,0.507662985,0.446671562,0.440766142,0.439203862,0.419675358,0.425330813,0.439891265,0.448483807,0.469480854,0.517692824,0.55846834,0.59708791,0.661922542,0.735974629,0.808526926,0.902513709,0.924073177,0.946195066,0.968879376,0.984314706,1,1,1,1,1,1,1,1,1,1,1,1,1,1,1,1,1,1,1,1,1,1,1,1,1,1,1,1,1,1,1,1,1,0.992126107,1,1,1,1,1,1,1,1,1,1,1,1,1,1,1,1,1,1,1,1,1,1,1,1,1,1,1,1,1,1,1,1,1,1,1,1,1,1,1,1,1,1,1,1,1,1,1,1,1,1,1,1,1,1,1,1,1,1,1,1,1,1,1,1,1,1,1,1,1,1,1,1,1,1,1,1,1,1,1,1,1,1,1,1,1,1,1,1,1,1,1,1,1,1,1,1,1,1,1,1,1,1,1,1,1,1,1,1,1,1,1,1,1,1,1,1,1,1,1,1,1,1,1,1,1,1,1,1,1,1,1,1,1,1,1,1,1,1,1,1,1,1,1,1,1,1,1,1,1,1,1,1,1,1,1,1,0.992126107,1,1,1,1,1,1,1,1,1,1,1,1,1,1,1,1,1,1,1,1,1,1,1,1,1,1,1,1,1,1,1,1,1,1,1,1,1,1,1,1,1,1,1,1,1,1,0.992126107,1,1,1,1,1,1,1,1,1,1,1,1,1,1,1,1,1,1,1,1,1,1,1,1,1,1,1,1,1,1,1,1,1,1,1,1,1,1,1,1,1,1,1,1,1,1,1,1,1,1,1,1,1,1,1,1,1,1,1,1,1,1,1,1,1,1,1,1,1,1,1,1,1,1,1,1,1,1,1,1,1,1,1,1,1,1,1,1,1,1,1,1,1,1,1,1,1,1,1,1,1,1,1,1,1,1,1,1,1,1,1,1,1,1,1,1,1,1,1,1,1,1,1,1,1,1,1,1,1,1,1,1,1,1,1,1,1,1,1,1,1,1,1,1,1,1,1,1,1,1,1,1,1,1,1,1,1,1,1,1,1,1,1,1,1,1,1,1,1,1,1,1,1,1,1,1,1,1,1,1,1,1,1,1,1,1,1,1,1,1,1,1,1,1,1,1,1,1,1,1,1,1,1,1,1,1,1,1,1,1,1,1,1,1,1
0.004847645,0.008529312,0.013829216,0.019835774,0.027050709,0.036413873,0.043812539,0.054348748,0.065831873,0.076459947,0.090267963,0.106577534,0.117947595,0.13365651,0.146538809,0.159414043,0.181701905,0.202491661,0.215925151,0.229252643,0.25626802,0.269023122,0.282880604,0.312355136,0.34576573,0.366944146,0.399443157,0.42203488,0.447707615,0.469401888,0.492785064,0.513186161,0.535650687,0.568877551,0.585187122,0.605263158,0.646439878,0.688782577,0.713042004,0.770252699,0.813302052,0.848924473,0.871918989,0.899146362,0.92699559,0.944845667,0.952067669,0.962943072,0.981351405,0.98877127,0.996247668,1,1,1,1,1,1,1,1,1,1,1,1,1,1,1,1,1,1,1,1,1,1,1,1,1,1,1,1,1,1,1,1,1,1,1,1,1,1,1,1,1,1,1,1,1,1,1,1,1,1,1,1,1,1,1,1,1,1,1,1,1,1,1,1,1,1,1,1,1,1,1,1,1,1,1,1,1,1,1,1,1,1,1,1,1,1,1,1,1,1,1,1,1,1,1,1,1,1,1,1,1,1,1,1,1,1,1,1,1,1,1,1,1,1,1,1,1,1,1,1,1,1,1,1,1,1,1,1,1,1,1,1,1,1,1,1,1,1,1,1,1,1,1,1,1,1,1,1,1,1,1,1,1,1,1,1,1,1,1,1,1,1,1,1,1,1,1,1,1,1,1,1,1,1,1,1,1,1,1,1,1,1,1,1,1,1,1,1,1,1,1,1,1,1,1,1,1,1,1,1,1,1,1,1,1,1,1,1,1,1,1,1,1,1,1,1,1,1,1,1,1,1,1,1,1,1,1,1,1,1,1,1,1,1,1,1,1,1,1,1,1,1,1,1,1,1,1,1,1,1,1,1,1,1,1,1,1,1,1,1,1,1,1,1,1,1,1,1,1,1,1,1,1,1,1,1,1,1,1,1,1,1,1,1,1,1,1,1,1,1,1,1,1,1,1,1,1,1,1,1,1,1,1,1,1,1,1,1,1,1,1,1,1,1,1,1,1,1,1,1,1,1,1,1,1,1,0.996247668,1,1,1,1,1,1,1,1,1,1,1,1,1,1,1,1,1,1,1,1,1,1,1,1,1,1,1,1,1,1,1,1,1,1,1,1,1,1,1,1,1,1,1,1,1,1,1,1,1,1,1,1,1,1,1,1,1,1,1,1,1,1,1,1,1,1,1,1,1,1,1,1,1,1,1,1,1,1,1,1,1,1,1,1,1,1,1,1,1,1,1,1,1,1,1,1,1,1,1,1,1,1,1,1,1,1,1,1,1,1,1,1,1,1,1,1,1,1,1,1,1,1
0.01020169,0.015888391,0.023949757,0.034479526,0.047915137,0.060100923,0.071130622,0.083253917,0.105594526,0.125248012,0.137715009,0.15399397,0.183677295,0.225765127,0.255635926,0.284444375,0.294942899,0.311096877,0.337093221,0.356434251,0.413582465,0.456888875,0.518536456,0.558718305,0.628770954,0.688731272,0.719195738,0.755846834,0.756253027,0.796684841,0.811432767,0.8257745,0.84120983,0.84120983,0.803152682,0.809339312,0.767345217,0.750285116,0.687668922,0.622053149,0.586120702,0.553812745,0.531003453,0.515818088,0.504132231,0.500195285,0.502257495,0.507506757,0.520317455,0.548750957,0.589432736,0.618178694,0.634051462,0.682857098,0.723101439,0.761596026,0.784967739,0.790966895,0.790966895,0.797028543,0.815588433,0.828274149,0.834710744,0.84120983,0.84120983,0.861082035,0.874642628,0.874642628,0.895452202,0.909637707,0.916824197,0.938758612,0.961255448,0.976565795,0.992126107,0.992126107,1,1,1,1,1,1,1,1,1,1,1,1,1,1,1,1,1,1,1,1,1,1,1,1,1,1,1,1,1,1,1,1,1,1,1,1,1,1,1,1,1,1,1,1,1,1,1,1,1,1,1,1,1,1,1,1,1,1,1,1,1,1,1,1,1,1,1,1,1,1,1,1,1,1,1,1,1,1,1,1,1,1,1,1,1,1,1,1,1,1,1,1,1,1,1,1,1,1,1,1,1,1,1,1,1,1,1,1,1,1,1,1,1,1,1,1,1,1,1,1,1,1,1,1,1,1,1,1,1,1,1,1,1,1,1,1,1,1,1,1,1,1,1,1,1,1,1,1,1,1,1,1,1,1,1,1,1,1,1,1,1,1,1,1,1,1,1,1,1,1,1,1,1,1,1,1,1,1,1,1,1,1,1,1,1,1,1,1,1,1,1,1,1,1,1,1,1,1,1,1,1,1,1,1,1,1,1,1,1,1,1,1,1,1,1,1,1,1,1,1,1,1,1,1,1,1,1,1,1,1,1,1,1,1,1,1,1,1,1,1,1,1,1,1,1,1,1,1,1,1,1,1,1,1,1,1,1,1,1,1,1,1,1,1,1,1,1,1,1,0.992126107,0.992126107,1,1,1,1,1,1,1,1,1,1,1,1,1,1,1,1,1,1,1,1,1,1,1,1,1,1,1,1,1,1,1,1,1,1,1,1,1,1,1,1,1,1,1,1,1,1,1,1,1,1,1,1,1,1,1,1,1,1,1,1,1,1,1,1,1,1,1,1,1,1,1,1,1,1,1,1,1,1,1,1,1,1,1,1,1,1,1,1,1,1,1,1,1,1,1,1,1,1,1,1,1,1,1,1,1,1,1,1,1,1,1,1,1,1,1,1,1,1,1,1,1,1,1,1,1,1,1,1,1,1,1,1,1,1,1,1,1,1,1,1,1,1,1,1,1,1,1,1,1,1,1,1,1
0.004854712,0.008932105,0.013638419,0.021249081,0.028336819,0.034604839,0.042081237,0.057761886,0.073838261,0.089073718,0.108047374,0.129310589,0.152608966,0.180648991,0.191404263,0.202844988,0.229379841,0.253865397,0.271270281,0.29299282,0.31322432,0.326686076,0.340925151,0.36358754,0.38306292,0.395924021,0.404467466,0.420155181,0.435701566,0.445820849,0.478227995,0.504953644,0.535707219,0.556214314,0.585724179,0.62612358,0.65939991,0.69247131,0.743951043,0.772407994,0.795741704,0.826650743,0.854570637,0.88363531,0.917272033,0.941658658,0.948753463,0.963112669,0.966737803,0.97037707,0.974030471,0.981379671,0.992509469,0.996247668,0.996247668,1,1,1,1,1,1,1,1,1,1,1,1,1,1,1,1,1,1,1,1,1,1,1,1,1,1,1,1,1,1,1,1,1,1,1,1,1,1,1,1,1,1,1,1,1,1,1,1,1,1,1,1,1,1,1,1,1,1,1,1,1,1,1,1,1,1,1,1,1,1,1,0.996247668,1,1,1,1,1,1,1,1,1,1,1,1,1,1,1,1,1,1,1,1,1,1,1,1,1,1,1,1,1,1,1,1,1,1,1,1,1,1,1,1,1,1,1,1,1,1,1,1,1,1,1,1,1,1,1,1,1,1,1,1,1,1,1,1,1,1,1,1,1,1,1,1,1,1,1,1,1,1,1,1,0.996247668,1,1,1,1,1,1,1,1,1,1,1,1,1,1,1,1,1,1,1,1,1,1,1,1,1,1,1,1,1,1,1,1,1,1,1,1,1,1,1,1,1,1,1,1,1,1,1,1,1,1,1,1,1,1,1,1,1,1,1,1,1,1,1,1,1,1,1,1,1,1,1,1,1,1,1,1,1,1,1,1,1,1,1,1,1,1,1,1,1,1,1,1,1,1,1,1,1,1,1,1,1,1,1,1,1,1,1,1,1,1,1,1,1,1,1,1,1,1,1,1,1,1,1,1,1,1,1,1,1,1,1,1,1,0.996247668,1,1,1,1,1,1,1,1,1,1,1,1,1,1,1,1,1,1,1,1,1,1,1,1,1,1,1,1,1,1,1,1,1,1,1,1,1,1,1,1,1,1,1,1,1,1,1,1,1,1,1,1,1,1,1,1,1,1,1,1,1,1,1,1,1,1,1,1,1,1,1,1,1,1,1,1,1,1,1,1,1,1,1,1,1,1,1,1,1,1,1,1,1,1,1,1,1,1,1,1,1,1,1,1,1,1,1,1,1,1,1,1,1,1,0.996247668,1,1,1,1,1,1,1,1,1,1,1,1,1,1,1,1,1,1,1,1,1,1,1,1,1,1,1,1,1,1,1,1,1,1,1,1,1,1,1,1,1,1,1
0.010545392,0.017513162,0.026386914,0.034635754,0.049352435,0.05813245,0.069568342,0.086472215,0.109468981,0.127560187,0.13571529,0.182239998,0.212360762,0.249668015,0.27928885,0.32053305,0.351028762,0.37465044,0.390804418,0.39733475,0.404989923,0.40558359,0.411207799,0.418862972,0.431579934,0.465575153,0.511006265,0.600087488,0.636113672,0.686450343,0.735443453,0.787061195,0.8275555,0.847771407,0.861082035,0.867831086,0.874642628,0.895452202,0.909637707,0.924073177,0.938758612,0.938758612,0.961255448,0.961255448,0.984314706,0.976503304,0.992126107,0.968879376,0.931384649,0.931384649,0.888453186,0.888453186,0.847771407,0.828274149,0.821900045,0.815588433,0.815588433,0.767345217,0.717852177,0.692543236,0.678107766,0.650924089,0.603305785,0.579684107,0.543939134,0.518755175,0.510693809,0.502257495,0.500382759,0.501757565,0.505694512,0.52362949,0.543939134,0.561874111,0.570497899,0.579684107,0.606930275,0.638175882,0.673420925,0.707541127,0.750285116,0.784967739,0.84120983,0.902513709,0.953694012,0.968879376,0.976565795,1,1,1,1,1,1,1,1,1,1,1,1,1,1,1,1,1,1,1,1,1,1,1,1,1,1,1,1,1,1,1,1,1,1,1,1,1,1,1,1,1,1,1,1,1,1,1,1,1,1,1,1,1,1,1,1,1,1,1,1,1,1,1,1,1,1,1,1,1,1,1,1,1,1,1,1,1,1,1,1,1,1,1,1,1,1,1,1,1,1,1,1,1,1,1,1,1,1,1,1,1,1,1,1,1,1,1,1,1,1,1,1,1,1,1,1,1,1,1,1,1,1,1,1,1,1,1,1,1,1,1,1,1,1,1,1,1,1,1,1,1,1,1,1,1,1,1,1,1,1,1,1,1,1,1,1,1,1,1,1,1,1,1,1,1,1,1,1,1,1,1,1,1,1,1,1,1,1,1,1,1,1,1,1,1,1,1,1,1,1,1,1,1,1,1,1,1,1,1,1,1,1,1,1,1,1,1,1,1,1,1,1,1,1,1,1,1,1,1,1,1,1,1,1,1,1,1,1,1,1,1,1,1,1,1,1,1,1,1,1,1,1,1,1,1,1,1,1,1,1,1,1,1,1,1,1,1,1,1,1,1,1,1,1,1,1,1,1,1,1,1,1,1,1,1,1,1,1,1,1,1,1,1,1,1,1,1,1,1,1,1,1,1,1,1,1,1,1,1,1,1,1,1,1,1,1,1,1,1,1,1,1,1,1,1,1,1,1,1,1,1,1,1,1,1,1,1,1,1,1,1,1,1,1,1,1,1,1,1,1,1,1,1,1,1,1,1,1,1,1,1,1,1,1,1,1,1,1,1,1,1,1,1,1,1,1,1,1,1,1,1,1,1,1,1,1,1,1,1,1,1,1,1,1,1,1,1,1,1,1,1,1,1,1,1,1,1,1,1,1,1,1,1,1,1,1,1,1,1,1,1,1,1
0.004741647,0.007978122,0.013172028,0.019242184,0.026866979,0.036124145,0.042957488,0.051762395,0.056355645,0.062270337,0.074368251,0.087413082,0.101701622,0.121777658,0.137875233,0.15774634,0.170671038,0.187235005,0.193948216,0.213918254,0.225245916,0.252522754,0.272188931,0.302779976,0.333392221,0.359559613,0.384341964,0.433214144,0.474595794,0.516316637,0.544017468,0.604125445,0.648503307,0.672889932,0.684196393,0.690167618,0.71764232,0.743081859,0.767228221,0.781933688,0.784845101,0.810871163,0.826650743,0.832756233,0.838918254,0.854570637,0.867346939,0.873819888,0.877077562,0.89357793,0.913844762,0.934620386,0.941658658,0.966737803,0.97037707,0.97037707,0.977698004,0.988785403,0.988785403,1,1,1,1,1,1,1,1,1,1,1,1,1,1,1,1,1,1,1,1,1,1,1,1,1,1,1,1,1,1,1,1,1,1,1,1,1,1,1,1,1,1,1,1,1,1,1,1,1,1,1,1,1,1,1,1,1,1,1,1,1,1,1,1,1,1,1,1,1,1,1,1,1,1,1,1,1,1,1,1,1,1,1,1,1,1,1,1,1,1,1,1,1,1,1,1,1,1,1,1,1,1,1,1,1,1,1,1,1,1,1,1,1,1,1,1,1,1,1,1,1,1,1,1,1,1,1,1,1,1,1,1,1,1,1,1,1,1,1,1,1,1,1,1,1,1,1,1,1,1,1,1,1,1,1,1,1,1,1,1,1,1,1,1,1,1,1,1,1,1,1,1,1,1,1,1,1,1,1,1,1,1,1,1,1,1,1,1,1,1,1,1,1,1,1,1,1,1,1,1,1,1,1,1,1,1,1,1,1,1,1,1,1,1,1,1,1,1,1,1,1,1,1,1,1,1,1,1,1,1,1,1,1,1,1,1,1,1,1,1,1,1,1,1,1,1,1,1,1,1,1,1,1,1,1,1,1,1,1,1,1,1,1,1,1,1,1,1,1,1,1,1,1,1,1,1,1,1,1,1,1,1,1,1,1,1,1,1,1,1,1,1,1,1,1,1,0.996247668,1,1,1,1,1,1,1,1,1,1,1,1,1,1,1,1,1,1,1,1,1,1,1,1,1,1,1,1,1,1,1,1,1,1,1,1,1,1,1,1,1,1,1,1,1,1,1,1,1,1,1,1,1,1,1,1,1,1,1,1,1,1,1,1,1,1,1,1,1,1,1,1,1,1,1,1,1,1,1,1,0.996247668,0.996247668,1,1,1,1,1,1,1,1,1,1,1,1,1,1,1,1,1,1,1,1,1,1,1,1,1,1,1,1,1,1,1,1,1,1,1,1,1,1,1,1,1,1,1,1,1,1,1,1,1,1,1,1,1,1,1,1,1,1,1,1,1,1
0.010014217,0.017763127,0.030198878,0.040228718,0.055851521,0.073817744,0.094408599,0.107031824,0.115530629,0.127435204,0.132590729,0.153431549,0.159586933,0.165054914,0.167773282,0.18286491,0.197987783,0.207673921,0.234326423,0.273539658,0.307722352,0.335687169,0.355340655,0.38396163,0.432923495,0.480010624,0.505007108,0.547126185,0.559718165,0.599181365,0.637644706,0.702760549,0.752972238,0.794591386,0.808526926,0.790966895,0.744723398,0.733787436,0.707541127,0.712665406,0.682857098,0.629989533,0.582871159,0.567560812,0.537190083,0.525379244,0.514443281,0.504132231,0.500195285,0.501320127,0.506569389,0.527191489,0.531003453,0.559124498,0.586120702,0.622053149,0.655298474,0.682857098,0.733787436,0.767345217,0.761596026,0.767345217,0.7731569,0.784967739,0.784967739,0.797028543,0.803152682,0.821900045,0.828274149,0.84120983,0.84120983,0.84120983,0.861082035,0.909637707,0.916824197,0.938758612,0.946195066,0.953694012,0.968879376,0.984314706,1,1,1,1,1,1,1,1,1,1,1,1,1,1,1,1,1,1,1,1,1,1,1,1,1,1,1,1,1,1,1,1,1,1,1,1,1,1,1,1,1,1,1,1,1,1,1,1,1,1,1,1,1,1,1,1,1,1,1,1,1,1,1,1,1,1,1,1,1,1,1,1,1,1,1,1,1,1,1,1,1,1,1,1,1,1,1,1,1,1,1,1,1,1,1,0.992126107,1,1,1,1,1,1,1,1,1,1,1,1,1,1,1,1,1,1,1,1,1,1,1,1,1,1,1,1,1,1,1,1,1,1,1,1,1,1,1,1,1,1,1,1,1,1,1,1,1,1,1,1,1,1,1,1,1,1,1,1,1,1,1,1,1,1,1,1,1,1,1,1,1,1,1,1,1,1,1,1,1,1,1,1,1,1,1,1,1,1,1,1,1,1,1,1,1,1,1,1,1,1,1,1,1,1,1,1,1,1,1,1,1,1,1,1,1,1,1,1,1,1,1,1,1,1,1,0.992126107,1,1,1,1,1,1,1,1,1,1,1,1,1,1,1,1,1,1,1,1,1,1,1,1,1,1,1,1,1,1,1,1,1,1,1,1,1,1,1,1,1,1,1,1,1,1,1,1,1,1,1,1,1,1,1,1,1,1,1,1,1,1,1,1,1,1,1,1,1,1,1,1,1,1,1,1,1,1,1,1,1,1,1,1,1,1,1,1,1,1,1,1,1,1,1,1,1,1,1,1,1,1,1,1,1,1,1,1,1,1,1,1,1,1,1,1,1,1,1,1,1,1,1,1,1,1,1,1,1,1,1,1,1,1,1,0.992126107,1,1,1,1,1,1,1,1,1,1,1,1,1,1,1,1,1,1,1,1,1,1,1,1,1,1,1,1,1,1,1,1,1,1,1,1,1,1,1,1,1,1,1,1,1,1,1,1,1,1,1,1,1,1,1,1,1,1,1,1
0.004649782,0.008705975,0.013765617,0.020033637,0.026146193,0.033905252,0.041282718,0.053762225,0.070092996,0.085554582,0.09982899,0.112414495,0.126561705,0.135359545,0.14171943,0.146913336,0.152630166,0.161965063,0.174918028,0.186584883,0.196456838,0.209989259,0.227740404,0.261221663,0.301931992,0.355722483,0.389656001,0.425440952,0.451014755,0.463091469,0.476009102,0.49207841,0.513730284,0.543996269,0.560157442,0.584960993,0.603461191,0.610414664,0.630702697,0.652700831,0.69006162,0.718893097,0.734072022,0.760500876,0.785495223,0.817598508,0.826650743,0.838918254,0.860930522,0.877077562,0.877077562,0.89357793,0.907032619,0.917272033,0.917272033,0.931122449,0.934620386,0.948753463,0.952322065,0.966737803,0.988785403,0.992509469,0.996247668,0.996247668,1,1,1,1,1,1,1,1,1,1,1,1,1,1,1,1,1,1,1,1,1,1,1,1,1,1,1,1,1,1,1,1,1,1,1,1,1,1,1,1,1,1,1,1,1,1,1,1,1,1,1,1,1,1,1,1,1,1,1,1,1,1,1,1,1,1,1,1,1,1,1,1,1,1,1,1,1,1,1,1,1,1,1,1,1,1,1,1,1,1,1,1,1,1,1,1,1,1,1,1,1,1,1,1,1,1,1,1,1,1,1,1,1,1,1,1,1,1,1,1,1,1,1,1,1,1,1,1,1,1,1,1,1,1,1,1,1,1,1,1,1,1,1,1,1,1,1,1,1,1,1,1,1,1,1,1,1,1,1,1,1,1,1,1,1,1,1,1,1,1,1,1,1,1,1,1,1,1,1,1,1,1,1,1,1,1,1,1,1,1,1,1,1,1,1,1,1,1,1,1,1,1,1,1,1,1,1,1,1,1,1,1,1,1,1,1,1,1,1,1,1,1,1,1,1,1,1,1,1,1,1,1,1,1,1,1,1,1,1,1,1,1,1,1,1,1,1,1,1,1,1,1,1,1,1,1,1,1,1,1,1,1,1,1,1,1,1,1,1,1,1,1,1,1,1,1,1,1,1,1,1,1,1,1,1,1,1,1,1,1,1,0.996247668,1,1,1,1,1,1,1,1,1,1,1,1,1,1,1,1,1,1,1,1,1,1,1,1,1,1,1,1,1,1,1,1,1,1,1,1,1,1,1,1,1,1,1,1,1,1,1,1,1,1,1,1,1,1,1,1,1,1,1,1,1,1,1,1,1,1,1,1,1,1,1,1,1,1,1,1,1,1,1,1,1,1,1,1,1,1,1,1,1,1,1,1,1,1,1,1,1,1,1,1,1,1,1,1,1,1,1,1,1,1,1,1,1,1,1,1,1,1,1,1,1,1,1,1,1,1,1,1,1,1,1,1,1,1,1,1,1,1,1,1,1,1,1,1
0.01070162,0.016638285,0.024512178,0.035135684,0.044009436,0.053351872,0.07847334,0.094846037,0.118748926,0.144901498,0.164711212,0.180427752,0.190270118,0.201799747,0.210548517,0.211454639,0.209704885,0.220015935,0.217110094,0.226702495,0.239231983,0.262759924,0.290943461,0.304066616,0.3159087,0.335687169,0.359527566,0.391241857,0.443015826,0.483822587,0.502882407,0.512506054,0.53009733,0.551188114,0.580558984,0.610617257,0.638175882,0.673420925,0.717852177,0.755909325,0.784967739,0.803152682,0.809339312,0.828274149,0.828274149,0.84120983,0.854395476,0.874642628,0.895452202,0.916824197,0.938758612,0.961255448,0.968879376,0.968879376,0.984314706,0.992126107,0.992126107,0.992126107,1,1,1,1,1,1,1,1,1,1,1,1,1,1,1,1,1,1,1,1,1,1,1,1,1,1,1,1,1,1,1,1,1,1,1,1,1,1,1,1,1,1,1,1,1,1,1,1,1,1,1,1,1,1,1,1,1,1,1,1,1,1,1,1,1,1,1,1,1,1,1,1,1,1,1,1,1,1,1,1,1,1,1,1,1,1,1,1,1,1,1,1,1,1,1,1,1,1,1,1,1,1,1,1,1,1,1,1,1,1,1,1,1,1,1,1,1,1,1,1,1,1,1,1,1,1,1,1,1,1,1,1,1,1,1,1,1,1,1,1,1,1,1,1,1,1,1,1,1,1,1,1,1,1,1,1,1,1,1,1,1,1,1,1,1,1,1,1,1,1,1,1,1,1,1,1,1,1,1,1,1,1,1,1,1,1,1,1,1,1,1,1,1,1,1,1,1,1,1,1,1,1,1,1,1,1,1,1,1,1,1,1,1,1,1,1,1,1,1,1,1,1,1,1,1,1,1,1,1,1,1,1,1,1,1,1,1,1,1,1,1,1,1,1,1,1,1,1,1,1,1,1,1,1,1,1,1,1,1,1,1,1,1,1,1,1,1,1,1,1,1,1,1,1,1,1,1,1,1,1,1,1,1,1,1,1,1,1,1,1,1,1,1,1,1,1,1,1,1,1,1,1,1,1,1,1,1,1,1,1,1,1,1,1,1,1,1,1,1,1,1,1,1,1,1,1,1,1,1,1,1,1,1,1,1,1,1,1,1,1,1,1,1,1,1,1,1,1,1,1,1,1,1,1,1,1,1,1,1,1,1,1,1,1,1,1,1,1,1,1,1,1,1,1,1,1,1,1,1,1,1,1,1,1,1,1,1,1,1,1,1,1,1,1,1,1,1,1,1,1,1,1,1,1,1,1,1,1,1,1,1,0.992126107,1,1,1,1,1,1,1,1,1,1,1,1,1,1,1,1,1,1,1,1,1,1,1,1,1,1,1,1,1,1
0.004685115,0.008925038,0.013694952,0.021001753,0.030838374,0.043063486,0.050617615,0.067534909,0.085653513,0.105058228,0.122307649,0.149959014,0.180797388,0.202385663,0.228086664,0.254458986,0.279955057,0.305677257,0.327406863,0.349249534,0.372569111,0.400291141,0.408841653,0.432938549,0.450809825,0.482997908,0.507010006,0.536640002,0.561288089,0.580410142,0.609764543,0.628886596,0.671935949,0.701827407,0.71394652,0.736651309,0.763221494,0.776563118,0.80238425,0.808673469,0.835830177,0.835830177,0.845136808,0.870576347,0.88363531,0.896920403,0.917272033,0.934620386,0.959501668,0.97037707,0.988785403,0.988785403,0.996247668,1,1,1,1,1,1,1,1,1,0.996247668,1,1,1,1,1,1,1,1,1,1,1,1,1,1,1,1,1,1,1,1,1,1,1,1,1,1,1,1,1,1,1,1,1,1,1,1,1,1,1,1,1,1,1,1,1,1,1,1,1,1,1,1,1,1,1,1,1,1,1,1,1,1,1,1,1,1,1,1,1,1,1,1,1,1,1,1,1,1,1,1,1,1,1,1,1,1,1,1,1,1,1,1,1,1,1,1,1,1,1,1,1,1,1,1,1,1,1,1,1,1,1,1,1,1,1,1,1,1,1,1,1,1,1,1,1,1,1,1,1,1,1,1,1,1,1,1,1,1,1,1,1,1,1,1,1,1,1,1,1,1,1,1,1,1,1,1,1,1,1,1,1,1,1,1,1,1,1,1,1,1,1,1,1,1,1,1,1,1,1,1,1,1,1,1,1,1,1,1,1,1,1,1,1,1,1,1,1,1,1,1,1,1,1,1,1,1,1,1,1,1,1,1,1,1,1,1,1,1,1,1,1,1,1,1,1,1,1,1,1,1,1,1,1,1,1,1,1,1,1,1,1,1,1,1,1,1,1,1,1,1,1,1,1,1,1,1,1,1,1,1,1,1,1,1,1,1,1,1,1,1,1,1,1,1,1,1,1,1,1,1,1,1,1,1,1,1,1,1,1,1,1,1,1,1,1,1,1,1,1,1,1,1,1,1,1,1,1,1,1,1,1,1,1,1,1,1,1,1,1,1,1,1,1,1,1,1,1,1,1,1,1,1,1,1,1,1,1,1,1,1,1,1,1,1,1,1,1,1,1,1,1,1,1,1,1,1,1,1,1,1,1,1,1,1,1,1,1,1,1,1,1,1,1,1,1,1,1,1,1,1,1,1,1,1,1,1,1,1,1,1,1,1,1,1,1,1,1,1,1,1,1,1,1,1,1,1,1,1,1,1,1,1,1,0.996247668,1,1,1,1,1,1,1,1,1,1,1,1,1,1,1,1,1,1,1,1,1,1,1
0.010014217,0.017575653,0.02691809,0.037791561,0.050071084,0.065850115,0.091690231,0.123966942,0.14652627,0.179959068,0.210142324,0.23263916,0.259729101,0.275851833,0.323782593,0.328688153,0.359277602,0.393897733,0.456013998,0.488415692,0.527847646,0.572247653,0.57802809,0.588870315,0.612148292,0.664109735,0.692543236,0.678107766,0.673420925,0.682857098,0.712665406,0.692543236,0.687668922,0.673420925,0.673420925,0.62624006,0.600837382,0.5989314,0.612835695,0.577184458,0.547501133,0.547501133,0.529253699,0.490571638,0.488946867,0.457857489,0.434766986,0.406583449,0.397647206,0.406114765,0.421612586,0.43651674,0.4545767,0.471324345,0.482853974,0.528847506,0.567560812,0.582871159,0.610617257,0.634051462,0.642362793,0.673420925,0.707541127,0.755909325,0.790966895,0.797028543,0.809339312,0.821900045,0.834710744,0.84120983,0.847771407,0.854395476,0.874642628,0.888453186,0.916824197,0.938758612,0.961255448,0.984314706,1,1,1,1,1,1,1,1,1,1,1,1,1,1,1,1,1,1,1,1,1,1,1,1,1,1,1,1,1,1,1,1,1,1,1,1,1,1,1,1,1,1,1,1,1,1,1,1,1,1,1,1,1,1,1,1,1,1,1,1,1,1,1,1,1,1,1,1,1,1,1,1,1,1,1,1,1,1,1,1,1,1,1,1,1,1,1,1,1,1,1,1,1,1,1,1,1,1,1,1,1,1,1,1,1,1,1,1,1,1,1,1,1,1,1,1,1,1,1,1,1,1,1,1,1,1,1,1,1,1,1,1,1,1,1,1,1,1,1,1,1,1,1,1,1,1,1,1,1,1,0.992126107,1,1,1,1,1,1,1,1,1,1,1,1,1,1,1,1,1,1,1,1,1,1,1,1,1,1,1,1,1,1,1,1,1,1,1,1,1,1,1,1,1,1,1,1,1,1,1,1,1,1,1,1,1,1,1,1,1,1,1,1,1,1,1,1,1,1,1,1,1,1,1,1,1,1,1,1,1,1,1,1,1,1,1,1,1,1,1,1,1,1,1,1,1,1,1,1,1,1,1,1,1,1,1,1,1,1,1,1,1,1,1,1,1,1,1,1,1,1,1,1,1,1,1,1,1,1,1,1,1,1,1,1,1,1,1,1,1,1,1,1,1,1,1,1,1,1,1,1,1,1,1,1,1,1,1,1,1,1,1,1,1,1,1,1,1,1,1,1,1,1,1,1,1,1,1,1,1,1,1,1,1,1,1,1,1,1,1,1,1,1,1,1,1,1,1,1,1,1,1,1,1,1,1,1,1,1,0.992126107,1,1,1,1,1,1,1,1,1,1,1,1,1,1,1,1,1,1,1,1,1,1,1,1,1,1,1,1,1,1,1,1,1,1,1,1,1,1,1,1,1,1,1,1,1,1,1,1,1,1,1,1,1,1,1,1,1,1,1,1,1,1,1,1
0.004805246,0.00771666,0.013482956,0.021383346,0.032795805,0.046455424,0.062263271,0.074262253,0.087455481,0.101100967,0.117721465,0.135098084,0.152368704,0.174734298,0.180684324,0.194011815,0.210370852,0.231181808,0.253950195,0.274188761,0.298370456,0.318679688,0.351221098,0.398602239,0.463056137,0.495371417,0.526372322,0.571788965,0.606952061,0.616350557,0.627240093,0.648687037,0.670480242,0.70625106,0.723429815,0.758769574,0.774810617,0.79758607,0.813167788,0.838593194,0.8511151,0.867346939,0.907032619,0.920713438,0.907032619,0.913844762,0.934620386,0.945198994,0.952322065,0.959501668,0.977698004,0.992509469,1,1,1,1,1,1,1,1,1,1,1,1,1,1,1,1,1,1,1,1,1,1,1,0.996247668,1,1,1,1,1,1,1,1,1,1,1,1,1,1,1,1,1,1,1,1,1,1,1,1,1,1,1,1,1,1,0.996247668,1,1,1,1,1,1,1,1,1,1,1,1,1,1,1,1,1,1,1,1,1,1,1,1,1,1,1,1,1,1,1,1,1,1,1,1,1,1,1,1,1,1,1,1,1,1,1,1,1,1,1,1,1,1,1,1,1,1,1,1,1,1,1,1,1,1,1,1,1,1,1,1,1,1,1,1,1,1,1,1,1,1,1,1,1,1,1,1,1,1,1,1,1,1,1,1,1,1,1,1,1,1,1,1,1,1,1,1,1,1,1,1,1,1,1,1,1,1,1,1,1,1,1,1,1,1,1,1,1,1,1,1,1,1,1,1,1,1,1,1,1,1,1,1,1,1,1,1,1,1,1,1,1,1,1,1,1,1,1,1,1,1,1,1,1,1,1,1,1,1,1,1,1,1,1,1,1,1,1,1,1,1,1,1,1,1,1,1,1,1,1,1,1,1,1,1,1,1,1,1,1,1,1,1,1,1,1,1,1,1,1,1,1,1,1,1,1,1,1,1,1,1,1,1,1,1,1,1,1,1,1,1,1,0.996247668,1,1,1,1,1,1,1,1,1,1,1,1,1,1,1,1,1,1,1,1,1,1,1,1,1,1,1,1,1,1,1,1,1,1,1,1,1,1,1,1,1,1,1,1,1,1,1,1,1,1,1,1,1,1,1,1,1,1,1,1,1,1,1,1,1,1,1,1,1,1,1,1,1,1,1,1,1,1,1,1,1,1,1,1,1,1,1,1,1,1,1,1,1,1,1,1,1,1,1,0.996247668,1,1,1,1,1,1,1,1,1,1,1,1,1,1,1,1,1,1,1,1,1,1,1,1,1,1,1,1,1,1,1,1,1,1,1,1,1,1,1,1,1,1,1,1,1,1,1,1,1,1,1,1,1,1,1,1,1,1,1
0.010139199,0.01845053,0.031417457,0.047477698,0.06225687,0.082785233,0.097126967,0.123779469,0.135465325,0.156806074,0.169585527,0.194207065,0.198331485,0.208642535,0.224609039,0.243793841,0.266603134,0.288631286,0.302535581,0.311940508,0.316189911,0.325407365,0.328656908,0.354215813,0.388336015,0.394647628,0.424174725,0.447858895,0.451202175,0.450264807,0.460419628,0.493165024,0.516255527,0.518286491,0.501695074,0.498726742,0.487165867,0.496102111,0.488603165,0.486947148,0.486447218,0.484385008,0.484135044,0.487603306,0.49375869,0.479885641,0.522692121,0.531253417,0.522442157,0.519848771,0.521317315,0.518848912,0.513130966,0.503444828,0.500382759,0.502819916,0.513130966,0.517255386,0.537190083,0.582871159,0.625990095,0.682857098,0.728413192,0.767345217,0.779031074,0.790966895,0.803152682,0.803152682,0.815588433,0.815588433,0.815588433,0.821900045,0.847771407,0.881516662,0.946195066,0.961255448,0.961255448,0.984314706,0.984314706,1,1,1,1,1,1,1,1,1,1,1,1,1,1,1,1,1,1,1,1,1,1,1,1,1,1,1,1,1,1,1,1,1,1,1,1,1,1,1,1,1,1,1,1,1,1,1,1,1,1,1,1,1,1,1,1,1,1,1,1,1,1,1,1,1,1,1,1,1,1,1,1,1,1,1,1,1,1,1,1,1,1,1,1,1,1,1,1,1,1,1,1,1,1,1,1,1,1,1,1,1,1,1,1,1,1,1,1,1,1,1,1,1,1,1,1,1,1,1,1,1,1,1,1,1,1,1,1,1,1,1,1,1,1,1,1,1,1,1,1,1,1,1,1,1,1,1,1,1,1,1,1,1,1,1,1,1,1,1,1,1,1,1,1,1,1,1,1,1,1,1,1,1,1,1,1,1,1,1,1,1,1,1,1,1,1,1,1,1,1,1,1,1,1,1,1,1,1,1,1,1,1,1,1,1,1,1,1,1,1,1,1,1,1,1,1,1,1,1,1,1,1,1,1,1,1,1,1,1,1,1,1,1,1,1,1,1,1,1,1,1,1,1,1,1,1,1,1,1,1,1,1,1,1,1,1,1,1,1,1,1,1,1,1,1,1,1,1,1,1,1,1,1,1,1,1,1,1,1,1,1,1,1,1,1,1,1,1,1,1,1,1,1,1,1,1,1,1,1,1,1,1,1,1,1,1,1,1,1,1,1,1,1,1,1,1,1,1,1,1,1,1,1,1,1,1,1,1,1,1,1,1,1,1,1,1,1,1,1,1,1,0.992126107,1,1,1,1,1,1,1,1,1,1,1,1,1,1,1,1,1,1,1,1,1,1,1,1,1,1,1,1,1,1,1,1,1,1,1,1,1,1,1,1,1,1,1,1,1,1,1,1,1,1,1,1,1,1,1,1,1,1,1,1,1,1,1,1,1,1,1,1,1,1,1,1,1,1,1,1,1,1,1
0.004953644,0.008126519,0.013214427,0.019432981,0.028018825,0.038138108,0.048200859,0.056482842,0.063726044,0.069979931,0.076240884,0.089949969,0.106195941,0.120025157,0.138723218,0.157951269,0.170939567,0.186401153,0.203353779,0.221239188,0.23142207,0.242792131,0.255723896,0.262352309,0.261172197,0.25645175,0.254784047,0.252678218,0.252268359,0.257426932,0.260437277,0.265843179,0.269383515,0.277778563,0.286512805,0.287671717,0.296773419,0.30350783,0.316340664,0.3419286,0.362803155,0.3768161,0.404227203,0.436733281,0.463882922,0.477549607,0.508048787,0.549176042,0.584466335,0.608125106,0.620237153,0.641613432,0.660912149,0.675652948,0.699445983,0.731506869,0.755102041,0.782661541,0.796971282,0.814609362,0.832756233,0.857743513,0.870576347,0.896920403,0.913844762,0.941658658,0.955827068,0.966737803,0.977698004,0.992509469,0.992509469,1,1,1,1,1,1,1,1,1,1,1,1,1,1,1,1,1,1,1,1,1,1,1,1,1,1,1,1,1,1,1,1,1,1,1,1,1,1,1,1,1,1,1,1,1,1,1,1,1,1,1,1,1,1,1,1,1,1,1,1,1,1,1,1,1,1,1,1,1,1,1,1,1,1,1,1,1,1,1,1,1,1,1,1,1,1,1,1,1,1,1,1,1,1,1,1,1,1,1,1,1,1,1,1,1,1,1,1,1,1,1,1,1,1,1,1,1,1,1,1,1,1,1,0.996247668,1,1,1,1,1,1,1,1,1,1,1,1,1,1,1,1,1,1,1,1,1,1,1,1,1,1,1,1,1,1,1,1,1,1,1,1,1,1,1,1,1,1,1,1,1,1,1,1,1,1,1,1,1,1,1,1,1,1,1,1,1,1,1,1,1,1,1,1,1,1,1,1,1,1,1,1,1,1,1,1,1,1,1,1,1,1,1,1,1,1,1,1,1,1,1,1,1,1,1,1,1,1,1,1,1,1,1,1,1,1,1,1,1,1,1,1,1,1,1,1,1,1,1,1,1,1,1,1,1,1,1,1,1,1,1,1,1,1,1,1,1,1,1,1,1,1,1,1,1,1,1,1,1,1,1,1,1,1,1,1,1,0.996247668,1,1,1,1,1,1,1,1,1,1,1,1,1,1,1,1,1,1,1,1,1,1,0.996247668,1,1,1,1,1,1,1,1,1,1,1,1,1,1,1,1,1,1,1,1,1,1,1,1,1,1,1,1,1,1,1,1,1,1,1,1,1,1,1,1,1,1,1,1,1,1,1,1,1,1,1,1,1,1,1,1,1,1,1,1,1,1,1,1,1,1,1,1,1,1,1,1,1,1,1,1,1,1,1,1,1,1,1,1,1,1,1,1,1,1,1,1,1,1,1,1,1,1,1,1,1,1,1,1,1,1,1,1,1,1,1,1,1,1,1,1,1,1,1,1
0.010107954,0.019325407,0.02926151,0.042572138,0.059101064,0.082285304,0.103688544,0.126591573,0.144432814,0.163742599,0.175709666,0.1921761,0.221203268,0.262884907,0.309347123,0.364245653,0.403990064,0.455326595,0.534627943,0.6327079,0.674826977,0.68113859,0.733787436,0.733787436,0.743567311,0.779031074,0.779031074,0.784030371,0.808526926,0.815588433,0.821900045,0.821900045,0.828274149,0.806464716,0.8257745,0.838210252,0.837554094,0.803715103,0.837929041,0.805902295,0.787717352,0.760533675,0.739224172,0.739224172,0.723101439,0.697480042,0.678107766,0.673420925,0.650924089,0.618178694,0.603305785,0.579684107,0.541626959,0.527191489,0.509568967,0.50094518,0.500070303,0.502257495,0.504882126,0.508506616,0.515818088,0.525379244,0.5463138,0.570497899,0.603305785,0.634051462,0.678107766,0.733787436,0.7731569,0.828274149,0.861082035,0.895452202,0.895452202,0.902513709,0.909637707,0.916824197,0.968879376,0.992126107,1,1,1,1,1,1,1,1,1,1,1,1,1,1,1,1,1,1,1,1,1,1,1,1,1,1,1,1,1,1,1,1,1,1,1,1,1,1,1,1,1,1,1,1,1,1,1,1,1,1,1,1,1,1,1,1,1,1,1,1,1,1,1,1,1,1,1,1,1,1,1,1,1,1,1,1,1,1,1,1,1,1,1,1,1,1,1,1,1,1,1,1,1,1,1,1,1,1,1,1,1,1,1,1,1,1,1,1,1,1,1,1,1,1,0.992126107,1,1,1,1,1,1,1,1,1,1,1,1,1,1,1,1,1,1,1,1,1,1,1,1,1,1,1,1,1,1,1,1,1,1,1,1,1,1,1,1,1,1,1,1,1,1,1,1,1,1,1,1,1,1,1,1,1,1,1,1,1,1,1,1,1,1,1,1,1,1,1,1,1,1,1,1,1,1,1,1,1,1,1,1,1,1,1,1,1,1,1,1,1,1,1,1,1,1,1,1,1,1,1,1,1,1,1,1,1,1,1,1,1,1,1,1,1,1,1,1,1,1,1,1,1,1,1,1,1,1,1,1,1,1,1,1,1,1,1,1,1,1,1,1,1,1,1,1,1,1,1,1,1,1,1,1,1,1,1,1,1,1,1,1,1,1,1,1,1,1,1,1,1,1,1,1,1,1,1,1,1,1,1,1,1,1,1,1,1,1,1,1,1,1,1,1,1,1,1,1,1,1,1,1,1,1,1,1,1,1,1,1,1,1,1,1,1,1,1,1,1,1,1,1,1,1,1,1,1,1,1,1,1,1,1,1,1,1,1,1,1,1,1,1,1,1,1,1,1,1,1,1,1,1,1,1,1,1,1,1,1,1,1,1,1,1,1,1,1,1,1,1,1,1,1,1,1,1,1,1,1,1,1,1,1,1,1,1,1,1,1,1,1,1,1,1,1,1,1,1,1,1,1,1,1,1,1
0.004713381,0.008529312,0.013751484,0.020146701,0.028986941,0.036534004,0.042964554,0.055090734,0.067089717,0.084522867,0.101779354,0.124526542,0.145690825,0.158311663,0.170833569,0.18236616,0.197764147,0.205028549,0.217861383,0.238417943,0.24538555,0.253519136,0.262246311,0.270867488,0.289297021,0.298144327,0.316616259,0.347921024,0.366053762,0.414692747,0.451728475,0.477987732,0.526153259,0.562885126,0.594861213,0.64171943,0.671413025,0.702632992,0.728878116,0.746608062,0.749328679,0.774019164,0.828523376,0.858358302,0.865050314,0.888560687,0.902382837,0.909385776,0.930486461,0.944845667,0.959303805,0.973988072,0.98877127,0.996247668,1,1,1,1,1,1,1,1,1,1,1,1,1,1,1,1,1,1,1,1,1,1,1,1,1,1,1,1,1,1,0.996247668,1,1,1,1,1,1,1,1,1,1,1,1,1,1,1,1,1,1,1,1,1,1,1,1,1,1,1,1,1,1,1,1,1,0.996247668,1,1,1,1,1,1,1,1,1,1,1,1,1,1,1,1,1,1,1,1,1,1,1,1,1,1,1,1,1,1,1,1,1,1,1,1,1,1,1,0.996247668,1,1,1,1,1,1,1,1,1,1,1,1,1,1,1,1,1,1,1,1,1,1,1,1,1,1,1,1,1,1,1,1,1,1,1,1,1,1,1,1,1,1,1,1,1,1,1,1,1,1,1,1,1,1,1,1,1,1,1,1,1,1,1,1,1,1,1,1,1,0.996247668,1,1,1,1,1,1,1,1,1,1,1,1,1,1,1,1,1,1,1,1,1,1,1,1,1,1,1,1,1,1,1,1,1,1,1,1,1,1,1,1,1,1,1,1,1,1,1,1,1,1,1,1,1,1,1,1,1,1,1,1,1,1,1,1,1,1,1,1,1,1,1,1,1,1,1,1,1,1,1,1,1,1,1,1,1,1,1,1,1,1,1,1,1,1,1,1,1,1,1,1,1,1,1,1,1,1,1,1,1,1,1,1,1,1,1,1,1,1,1,1,1,1,1,1,1,1,1,1,1,1,1,1,1,1,1,1,1,1,1,1,1,1,1,1,1,1,1,1,1,1,1,1,1,1,1,1,1,1,1,1,1,1,1,1,1,1,1,1,1,1,1,1,1,1,1,1,1,1,1,1,1,1,1,1,1,1,1,1,1,1,1,1,1,1,1,1,1,1,1,1,1,1,1,1,1,1,1,1,1,1,1,1,1,1,1,1,1,1,1,1,1,1,1,1,1,1,1,1,1,1,1,1,1,1,1,1,1,1,1,1,1,1,1,1,1,1,1,1,1,1,1,1,1,1,1,1,1,1,1,1,1,1,1,1,1,1,1,1,1,1,1
0.010576638,0.015544689,0.024605915,0.032823509,0.044384383,0.054320486,0.064287835,0.070536956,0.076504867,0.087815776,0.103594807,0.122217188,0.141933166,0.173022544,0.186239435,0.233014107,0.264947117,0.305628896,0.3439985,0.381368245,0.448483807,0.51331844,0.55740599,0.550000781,0.524129419,0.52028621,0.516318018,0.516318018,0.516255527,0.500757706,0.515818088,0.513130966,0.507506757,0.502819916,0.500007811,0.50094518,0.504132231,0.520317455,0.539377275,0.553812745,0.589432736,0.629989533,0.668796575,0.687668922,0.739224172,0.797028543,0.828274149,0.861082035,0.895452202,0.953694012,0.968879376,0.992126107,1,1,1,1,1,1,1,1,1,1,1,1,1,1,0.992126107,1,1,1,1,1,1,1,1,1,1,1,1,1,1,1,1,1,1,1,1,1,1,1,1,1,1,1,1,1,1,1,1,1,1,1,1,1,1,1,1,1,1,1,1,1,1,1,1,1,1,1,1,1,1,1,1,1,1,1,1,1,1,1,1,1,1,1,1,1,1,1,1,1,1,1,1,1,1,1,1,1,1,1,1,1,1,1,1,1,1,1,1,1,1,1,1,1,1,1,1,1,1,1,1,1,1,1,1,1,1,1,1,1,1,1,1,1,1,1,1,1,1,1,1,1,1,1,1,1,1,1,1,1,1,1,1,1,1,1,1,1,1,1,1,1,1,1,1,1,1,1,1,1,1,1,1,1,1,1,1,1,1,1,1,1,1,1,1,1,1,1,1,1,1,1,1,1,1,1,1,1,1,1,1,1,1,1,1,1,1,1,1,1,1,1,1,1,1,1,1,1,1,1,1,1,1,1,1,1,1,1,1,1,1,1,1,1,1,1,1,1,1,1,1,1,1,1,1,1,1,1,1,1,1,1,1,1,1,1,1,1,1,1,1,1,1,1,1,1,1,1,1,1,1,1,1,1,1,1,1,1,1,1,1,1,1,1,1,1,1,1,1,1,1,1,1,1,0.992126107,1,1,1,1,1,1,1,1,1,1,1,1,1,1,1,1,1,1,1,1,1,1,1,1,1,1,1,1,1,1,1,1,1,1,1,1,1,1,1,1,1,1,1,1,1,1,1,1,1,1,1,1,1,1,1,1,1,1,1,1,1,1,1,1,1,1,1,1,1,1,1,1,1,1,1,1,1,1,1,1,1,1,0.992126107,1,1,1,1,1,1,1,1,1,1,1,1,1,1,1,1,1,1,1,1,1,1,1,1,1,1,1,1,1,1,1,1,1,1,1,1,1,1,1,1,1,1,1,1,1,1,1,1,1,1,1,1,1,1,1,1,1,1,1,1,1,1,1,1,1,1,1,1,1,1,1,1
0.004967777,0.008670643,0.0128823,0.019390582,0.026570185,0.034640172,0.044208265,0.051373735,0.061273956,0.072163491,0.082000113,0.088381197,0.099532195,0.117092543,0.133508112,0.145740291,0.156022104,0.166282718,0.189227769,0.205643338,0.218553904,0.231591667,0.243088925,0.254091526,0.274520889,0.297098479,0.324099723,0.340911018,0.360245068,0.377946747,0.396920403,0.408587258,0.417780824,0.42223981,0.429596077,0.431991633,0.43604076,0.438344451,0.447601617,0.452908587,0.453254848,0.456364125,0.459134208,0.461360167,0.463812256,0.468207643,0.473034089,0.486368647,0.502770083,0.519185652,0.53770705,0.560270507,0.571336706,0.603941715,0.625049466,0.647725988,0.671971282,0.709056476,0.723896207,0.739244728,0.747109786,0.782661541,0.811634349,0.838918254,0.854570637,0.867346939,0.89357793,0.910431624,0.920713438,0.938132455,0.9559048,0.963112669,0.974030471,0.988785403,0.988785403,0.996247668,1,1,1,1,1,1,1,1,1,1,0.996247668,1,1,1,1,1,1,1,1,1,1,1,1,1,1,1,1,1,1,1,1,1,1,1,1,1,1,1,1,1,1,1,1,1,1,1,1,1,1,1,1,1,1,1,1,1,1,1,1,1,1,1,1,1,1,1,1,1,1,1,1,1,1,1,1,1,1,1,1,1,1,1,1,1,1,1,1,1,1,1,1,1,1,1,1,1,1,1,1,1,1,1,1,1,1,1,1,1,1,1,1,1,1,1,1,1,1,1,1,1,1,1,1,1,1,1,1,1,1,1,0.996247668,1,1,1,1,1,1,1,1,1,1,1,1,1,1,1,1,1,1,1,1,1,1,1,1,1,1,1,1,1,1,1,1,1,1,1,1,1,1,1,1,1,1,1,1,1,1,1,1,1,1,1,1,1,1,1,1,1,1,1,1,1,1,1,1,1,1,1,1,1,1,1,1,1,1,1,1,1,1,1,1,1,1,1,1,1,1,1,1,1,1,1,1,1,1,1,1,1,1,1,1,1,1,1,1,1,1,1,1,1,1,1,1,1,1,1,1,1,1,1,1,1,1,1,1,1,1,1,1,1,1,1,1,1,1,1,1,1,1,1,1,1,1,1,1,1,1,1,1,1,1,1,1,1,1,1,1,1,1,1,1,1,1,1,1,1,1,1,1,1,1,1,1,1,1,1,1,1,1,1,1,1,1,1,1,1,1,1,0.996247668,1,1,1,1,1,1,1,1,1,1,1,1,1,1,1,1,1,1,1,1,1,1,1,1,1,1,1,1,1,1,1,1,1,1,1,1,1,1,1,1,1,1,1,1,1,1,1,1,1,1,1,1,1,1,1,1,1,1,1,1,1,1,1,1,1,1,1,1,1,1,1,1,1,1,1,1,1,1,1,1,0.996247668,1,1,1,1,1,1,1,1,1,1,1,1,1,1,1,1,1,1,1,1,1,1,1,1
0.010357918,0.017513162,0.025980721,0.037916543,0.05500789,0.070880657,0.085753566,0.10506335,0.127622678,0.155150057,0.203424518,0.252636348,0.3159087,0.427049321,0.492915059,0.603868206,0.682669625,0.707041197,0.759565061,0.792716649,0.807089628,0.813432486,0.8275555,0.84120983,0.84120983,0.84120983,0.84120983,0.847771407,0.854395476,0.839960006,0.838960146,0.85280195,0.887328344,0.901826306,0.894421097,0.923573248,0.938539893,0.96878564,0.961067975,0.961067975,0.992126107,0.992126107,0.984314706,0.961255448,0.946195066,0.924073177,0.909637707,0.924073177,0.874642628,0.821900045,0.797028543,0.784967739,0.767345217,0.728413192,0.692543236,0.692543236,0.678107766,0.650924089,0.642362793,0.599743786,0.573497477,0.5463138,0.529066225,0.509568967,0.500632724,0.507506757,0.518755175,0.532190786,0.570497899,0.606930275,0.638175882,0.678107766,0.692543236,0.712665406,0.744723398,0.7731569,0.784967739,0.797028543,0.815588433,0.828274149,0.834710744,0.84120983,0.84120983,0.854395476,0.881516662,0.902513709,0.924073177,0.953694012,0.976565795,1,1,1,1,1,1,1,1,1,1,1,1,1,1,1,1,1,1,1,1,1,1,1,1,1,1,1,1,1,1,1,1,1,1,1,1,1,1,1,1,1,1,1,1,1,1,1,1,1,1,1,1,1,1,1,1,1,1,1,1,1,1,1,1,1,1,1,1,1,1,1,1,1,1,1,1,1,1,1,1,1,1,1,1,1,1,1,1,1,1,1,1,1,1,1,1,1,1,1,1,1,1,1,1,1,1,1,1,1,1,1,1,1,1,1,1,1,1,1,1,1,1,1,1,1,1,1,1,1,1,1,1,1,1,1,1,1,1,1,1,1,1,1,1,1,1,1,1,1,1,1,1,1,1,1,1,1,1,1,1,1,1,1,1,1,1,1,1,1,1,1,1,1,1,1,1,1,1,1,1,1,1,1,1,1,1,1,1,1,1,1,1,1,1,1,1,1,1,1,1,1,1,1,1,1,1,1,1,1,1,1,1,1,1,1,1,1,1,1,1,1,1,1,1,1,1,1,1,1,1,1,1,1,1,1,1,1,1,1,1,1,1,1,1,1,1,1,1,1,1,1,1,1,1,1,1,1,1,1,1,1,1,1,1,1,1,1,1,1,1,1,1,1,1,1,1,1,1,1,1,1,1,1,1,1,1,1,1,1,1,1,1,1,1,1,1,1,1,1,1,1,1,1,1,1,1,1,1,1,1,1,1,1,1,1,1,1,1,1,1,1,1,1,1,1,1,1,1,1,1,1,1,1,1,1,1,1,1,1,1,1,1,1,1,1,1,1,1,1,1,1,1,1,1,1,1,1,1,1,1,1,1,1,1,1,1,1,1,1,1,1,1,1,1,1,1,1,1,1,1,1,1,1,1,1,1,1,1,1,1,1,1,1,1,1,1,1,1,1,1,1,1,1,1,1,1,1,1,1,1,1
0.004868845,0.008550512,0.012210979,0.017744078,0.025842331,0.03692973,0.050108825,0.063146588,0.075089038,0.0864167,0.097412234,0.114477924,0.13877975,0.169123467,0.180910453,0.210081124,0.250070665,0.279177738,0.311613149,0.339405845,0.359955339,0.386822319,0.417526429,0.423716717,0.44782068,0.465395161,0.474892589,0.486142518,0.492770931,0.503830064,0.526195658,0.544907852,0.585483917,0.587038555,0.612633558,0.624095483,0.653704279,0.6690952,0.693453559,0.727542541,0.739265928,0.763666686,0.788675165,0.833349822,0.839667307,0.84688931,0.88034937,0.870576347,0.877077562,0.88363531,0.910431624,0.920713438,0.917272033,0.920713438,0.927638645,0.931122449,0.938132455,0.945198994,0.963112669,0.977698004,0.992509469,0.996247668,0.996247668,1,1,1,1,1,1,1,1,1,1,1,1,1,1,1,1,1,1,1,1,1,1,1,1,1,1,1,1,1,1,1,1,1,1,1,1,1,1,1,1,1,1,1,1,1,1,1,1,1,1,1,1,1,1,1,1,1,1,1,1,1,1,1,1,1,1,1,1,1,1,1,1,1,1,1,1,1,1,1,1,1,1,1,1,1,1,1,1,1,1,1,1,1,1,1,1,1,1,1,1,1,1,1,1,1,1,1,1,1,1,1,1,1,1,1,1,1,1,1,1,1,1,1,1,1,1,1,1,1,1,0.996247668,0.996247668,1,1,1,1,1,1,1,1,1,1,1,1,1,1,1,1,1,1,1,1,1,1,1,1,1,1,1,1,1,1,1,1,1,1,1,1,1,1,1,1,1,1,1,1,1,1,1,1,1,1,1,1,1,1,1,1,1,1,1,1,1,1,1,1,1,1,1,1,1,1,1,1,1,1,1,1,1,1,1,1,1,1,1,1,1,1,1,1,1,1,1,1,1,1,1,1,1,1,1,1,1,1,1,1,1,1,1,1,1,1,1,1,1,1,1,1,1,1,1,1,1,1,1,1,1,1,1,1,1,1,1,1,1,1,1,1,1,1,1,1,1,1,1,1,1,1,1,1,1,1,1,1,1,1,1,1,1,1,1,1,1,1,1,1,1,1,1,1,1,1,1,1,1,1,1,0.996247668,1,1,1,1,1,1,1,1,1,1,1,1,1,1,1,1,1,1,1,1,1,1,1,1,1,1,1,1,1,1,1,1,1,1,1,1,1,1,1,1,1,1,1,1,1,1,1,1,1,1,1,1,1,1,1,1,1,1,1,1,1,1,1,1,1,1,1,1,1,1,1,1,1,1,1,1,1,1,1,1,1,1,1,1,1,1,1,1,1,1,1,1,1,1,1,1,1,1,1,1,1,1,1,1,1,1,1,1,1,1,1,1,1,1,1,1,1,1,1,1,1,1,1,1,1,1,1,1,1
0.00942055,0.016419566,0.023418582,0.030167633,0.039885016,0.044040682,0.056820135,0.065975097,0.08856567,0.10428221,0.124404381,0.13983971,0.165711072,0.18030277,0.208611289,0.225515162,0.251761471,0.260197785,0.270508835,0.290068584,0.315252543,0.335124748,0.340124045,0.353122217,0.360089987,0.366026653,0.374494212,0.363308285,0.37258823,0.380993298,0.396647346,0.418925464,0.443172054,0.474823853,0.491477761,0.531722102,0.556187411,0.608117608,0.674608258,0.713102845,0.766907779,0.837710322,0.852052055,0.860019685,0.860519614,0.881516662,0.895452202,0.909637707,0.961255448,0.984314706,0.984314706,0.992126107,1,1,1,1,1,1,1,1,1,1,1,1,1,1,1,1,1,1,1,1,1,1,1,1,1,1,1,1,1,1,1,1,1,1,1,1,1,1,1,1,1,1,1,1,1,1,1,1,1,1,1,1,1,1,1,1,1,1,1,1,1,1,1,1,1,1,1,1,1,1,1,1,1,1,1,1,1,1,1,1,1,1,1,1,1,1,1,1,1,1,1,1,1,1,1,1,1,1,1,1,1,1,1,1,1,1,1,1,1,1,1,1,1,1,1,1,1,1,1,1,1,1,1,1,1,1,1,1,1,1,1,1,1,1,1,1,1,1,1,1,1,1,1,1,1,1,1,1,1,1,1,1,1,1,1,1,1,1,1,1,1,1,1,1,1,1,1,1,1,1,1,1,1,1,1,1,1,1,1,1,1,1,1,1,1,1,1,1,1,1,1,1,1,1,1,1,1,1,1,1,1,1,1,1,1,1,1,1,1,1,1,1,1,1,1,1,1,1,1,1,1,1,1,1,1,1,1,1,1,1,1,1,1,1,1,1,1,1,1,1,1,1,1,1,1,1,1,1,1,1,1,1,1,1,1,1,1,1,1,1,1,1,1,1,1,1,1,1,1,1,1,1,1,1,1,1,1,1,1,1,1,1,1,1,1,1,1,1,1,1,1,1,1,1,1,1,1,1,1,1,1,1,1,1,1,1,1,1,1,1,1,1,1,1,1,1,1,1,1,1,1,1,1,1,1,1,1,1,1,1,1,1,1,1,1,1,1,1,1,1,1,1,1,1,1,1,1,1,1,1,1,1,1,1,1,1,1,1,1,1,1,1,1,1,1,1,1,1,1,1,1,1,1,1,1,1,1,1,1,1,1,1,1,1,1,1,1,1,1,1,1,1,1,1,1,1,1,1,1,1,1,1,1,1,1,1,1,1,1,1,1,1,1,1,1,1,1,1,1,1,1,1,1,1,1,1,1,1,1,1,1,1,1,1,1,1,1,1,1,1,1,1,1,1,1,1,1,1
0.004692182,0.008910905,0.014677201,0.021581209,0.029347335,0.038752897,0.05424275,0.069167279,0.076000622,0.08347702,0.090960484,0.103941715,0.114414325,0.122109786,0.126950365,0.139705467,0.143712194,0.150587936,0.15972497,0.164381819,0.167335632,0.167102437,0.170070383,0.169342529,0.170353044,0.176253604,0.183475606,0.188379784,0.206611453,0.223140087,0.238135282,0.252628752,0.257490531,0.274132229,0.285219628,0.29873085,0.302447849,0.311167957,0.313923908,0.319513539,0.327654192,0.33747668,0.352358811,0.369035841,0.381232687,0.392807677,0.410177229,0.437595398,0.461437899,0.497802307,0.522648256,0.561895811,0.59133501,0.611863305,0.641917293,0.679143818,0.71013059,0.752155294,0.797656736,0.829936684,0.872724575,0.892694612,0.920713438,0.938019391,0.959501668,0.974030471,0.985075471,0.988785403,0.996247668,1,1,1,1,1,1,1,1,1,1,1,1,1,1,1,1,1,1,1,1,1,1,1,1,1,1,1,1,1,1,1,1,1,1,1,1,1,1,1,1,1,1,1,1,1,1,1,1,1,1,1,1,1,1,1,1,1,1,1,1,1,1,1,1,1,1,1,1,1,1,1,1,1,1,1,1,1,1,1,1,1,1,1,1,1,1,1,1,1,1,1,1,1,1,1,1,1,1,1,1,1,1,1,1,1,1,1,1,1,1,1,1,1,1,1,1,1,1,1,1,1,1,1,1,1,1,1,1,1,1,1,1,1,1,1,1,1,1,1,1,1,1,1,1,1,1,1,1,1,1,1,1,1,1,1,1,1,1,1,1,1,1,1,1,1,1,1,1,1,1,1,1,1,1,1,1,1,1,1,1,1,1,1,1,1,1,1,1,1,1,1,1,1,1,1,1,1,1,1,1,1,1,1,1,1,1,1,1,1,1,1,1,1,1,1,1,1,1,1,1,1,1,1,1,1,1,1,1,1,1,1,1,1,1,1,1,1,1,1,1,1,1,1,1,1,1,1,1,1,1,1,1,1,1,1,1,1,1,1,1,1,1,1,1,1,1,1,1,1,1,1,1,1,1,1,1,1,1,1,1,1,1,1,1,1,1,1,1,1,1,1,1,1,1,1,1,1,1,1,1,1,1,1,1,1,1,1,1,1,1,1,1,1,1,1,1,1,1,1,1,1,1,1,1,1,1,1,1,1,1,1,1,1,1,1,1,1,1,1,1,1,1,1,1,1,1,1,1,1,1,1,1,1,1,1,1,1,1,1,1,1,1,1,1,1,1,1,1,1,1,1,1,1,1,1,1,1,1,1,1,1,1,1,1,1,1,1,1,1,1,1,1,1,1,1,1,1,1,1,1,1,1,1,0.996247668,1,1,1,1,1,1,1,1,1,1,1,1,1,1,1,1,1,1,1,1,1,1,1,1,1,1,1
0.008858129,0.015638426,0.022481214,0.034198316,0.044509366,0.065162711,0.083097689,0.103313597,0.127841397,0.138621131,0.147838585,0.165242388,0.189145276,0.205955413,0.2334203,0.260791451,0.311440579,0.353059726,0.416207096,0.440328704,0.449202456,0.47597994,0.49738318,0.500788952,0.46460654,0.440797388,0.426736865,0.41717571,0.414019903,0.430517583,0.457357559,0.491134059,0.532190786,0.566092268,0.613741818,0.661328876,0.737224453,0.780280898,0.792716649,0.818775485,0.838960146,0.846084144,0.881047978,0.902513709,0.916824197,0.924073177,0.938758612,0.953694012,0.953694012,0.976565795,0.992126107,0.992126107,1,1,1,1,1,1,1,1,1,1,1,1,1,1,1,1,1,1,1,1,1,1,1,1,1,1,1,1,1,1,1,1,1,1,1,1,1,1,1,1,1,1,1,1,1,1,1,1,1,1,1,1,1,1,1,1,1,1,1,1,1,1,1,1,1,1,1,1,1,1,1,1,1,1,1,1,1,1,1,1,1,1,1,1,1,1,1,1,1,1,1,1,1,1,1,1,1,1,1,1,1,1,0.992126107,1,1,1,1,1,1,1,1,1,1,1,1,1,1,1,1,1,1,1,1,1,1,1,1,1,1,1,1,1,1,1,1,1,1,1,1,1,1,1,1,1,1,1,1,1,1,1,1,1,1,1,1,1,1,1,1,1,1,1,1,1,1,1,1,1,1,1,1,1,1,1,1,1,1,1,1,1,1,1,1,1,1,1,1,1,1,1,1,1,1,1,1,1,1,1,1,1,1,1,1,1,1,1,1,1,1,1,1,1,1,1,1,1,1,1,1,1,1,1,1,1,1,1,1,1,1,1,1,1,1,1,1,1,1,1,1,1,1,1,1,1,1,1,1,1,1,1,1,1,1,1,1,1,1,1,1,1,1,1,1,1,1,1,1,1,1,1,1,1,1,1,1,1,1,1,1,1,1,1,1,1,1,1,1,1,1,1,1,1,1,1,1,1,1,1,1,1,1,1,1,1,1,1,1,0.992126107,1,1,1,1,1,1,1,1,1,1,1,1,1,1,1,1,1,1,1,1,1,1,1,1,1,1,1,1,1,1,1,1,1,1,1,1,1,1,1,1,1,1,1,1,1,1,1,1,1,1,1,1,1,1,1,1,1,1,1,1,1,1,1,1,1,1,1,1,1,1,1,1,1,1,1,1,1,1,1,1,1,1,1,1,1,1,1,1,1,1,1,1,1,1,1,1,1,1,1,1,1,1,1,1,1,1,1,1,1,1,1,1,1,1,1,1,1,1,1,1,1,1,1,1,1,1,1,1,1,1,1,1,1,1,1,1,1,1,1,1
0.005172706,0.0092077,0.013822149,0.020182034,0.026563118,0.036894398,0.04815846,0.061874611,0.071838431,0.082445305,0.090161965,0.101171632,0.112350896,0.128801798,0.149146362,0.159512974,0.17295353,0.190012154,0.214660241,0.228538922,0.261016734,0.30236305,0.325223303,0.347610097,0.362124767,0.383161852,0.391196506,0.398029849,0.402361637,0.411180677,0.418840805,0.436344621,0.439998021,0.452986319,0.462724009,0.476927752,0.496883657,0.534237379,0.56967607,0.58954011,0.610513596,0.630540166,0.659597773,0.689178303,0.717910849,0.734156821,0.756366951,0.800221889,0.855877947,0.89557776,0.919921985,0.944944598,0.959431002,0.97037707,0.985075471,0.996247668,1,1,1,1,1,1,1,1,1,1,1,1,1,1,1,1,1,1,1,1,1,1,1,1,1,1,1,1,1,1,1,1,1,1,1,1,1,1,1,1,1,1,1,1,1,1,1,1,1,1,1,1,1,1,1,1,1,1,1,1,1,1,1,1,1,1,1,1,1,1,1,1,1,1,1,1,1,1,1,1,1,1,1,1,1,1,1,1,1,1,1,1,1,1,1,1,1,1,1,1,1,1,1,1,1,1,1,1,1,1,1,1,1,1,1,1,1,1,1,1,1,1,1,1,1,1,1,1,1,1,1,1,1,1,1,1,1,1,1,1,0.996247668,0.996247668,1,1,1,1,1,1,1,1,1,1,1,1,1,1,1,1,1,1,1,1,1,1,1,1,1,1,1,1,1,1,1,1,1,1,1,1,1,1,1,1,1,1,1,1,1,1,1,1,1,1,1,1,1,1,1,1,1,1,1,1,1,1,1,1,1,1,1,1,1,1,1,1,1,1,1,1,1,1,1,1,1,1,1,1,1,1,1,1,1,1,1,1,1,1,1,1,1,1,1,1,1,1,1,1,1,1,1,1,1,1,1,1,1,1,1,1,1,1,1,1,1,1,1,1,1,1,1,1,1,1,1,1,1,1,1,1,1,1,1,1,1,1,1,1,1,1,1,1,1,1,1,1,1,1,0.996247668,1,1,1,1,1,1,1,1,1,1,1,1,1,1,1,1,1,1,1,1,1,1,1,1,1,1,1,1,1,1,1,1,1,1,1,1,1,1,1,1,1,1,1,1,1,1,1,1,1,1,1,1,1,1,1,1,1,1,1,1,1,1,1,1,1,1,1,1,1,1,1,1,1,1,1,1,1,1,1,1,1,1,1,1,1,1,1,1,1,1,1,1,1,1,1,1,1,1,1,1,1,1,1,1,1,1,1,1,1,1,1,1,1,1,1,1,1,1,1,1,1,1,1,1,1,1,1,1,1,1,1,1,1,1,1,1,1,1,1,1,1,1,1,1,1,1,1
0.01070162,0.017450671,0.026199441,0.034823228,0.041384805,0.056476433,0.074442657,0.089440547,0.092783827,0.105906982,0.117905295,0.133684326,0.142589323,0.17745942,0.193207205,0.222859285,0.262947398,0.274695746,0.29450546,0.32103298,0.344654658,0.358808917,0.383774157,0.406395976,0.406895905,0.42748676,0.474073958,0.493539971,0.502444969,0.493383743,0.507194301,0.538814854,0.528878751,0.537096346,0.538471152,0.56437376,0.576090862,0.619303535,0.650299177,0.666453155,0.677670328,0.704729022,0.669296505,0.663453577,0.657860613,0.686075396,0.674670749,0.764658095,0.789310878,0.850427284,0.886515959,0.909294006,0.909637707,0.881516662,0.874642628,0.874642628,0.861082035,0.809339312,0.750285116,0.692543236,0.687668922,0.668796575,0.596244278,0.570497899,0.529066225,0.515818088,0.500632724,0.501757565,0.517255386,0.539377275,0.564686216,0.589432736,0.618178694,0.673420925,0.712665406,0.717852177,0.750285116,0.779031074,0.803152682,0.821900045,0.834710744,0.867831086,0.888453186,0.895452202,0.895452202,0.946195066,0.968879376,0.976503304,1,1,1,1,1,1,1,1,1,1,1,1,1,1,1,1,1,1,1,1,1,1,1,1,1,1,1,1,1,1,0.992126107,1,1,1,1,1,1,1,1,1,1,1,1,1,1,1,1,1,1,1,1,1,1,1,1,1,1,1,1,1,1,1,1,1,1,1,1,1,1,1,1,1,1,1,1,1,1,1,1,1,1,1,1,1,1,1,1,1,1,1,1,1,1,1,1,1,1,1,1,1,1,1,1,1,1,1,1,1,1,1,1,1,1,1,1,1,1,1,1,1,1,1,1,1,1,1,1,1,1,1,1,1,1,1,1,1,1,1,1,1,1,1,1,1,1,1,1,1,1,1,1,1,1,1,1,1,1,1,1,1,1,1,1,1,1,1,1,1,1,1,1,1,1,1,1,1,1,1,1,1,1,1,1,1,1,1,1,1,1,1,1,1,1,1,1,1,1,1,1,1,1,1,1,1,1,1,1,1,1,1,1,1,1,1,1,1,1,1,1,1,1,1,1,1,1,1,1,1,1,1,1,1,1,1,1,1,1,1,1,1,1,1,1,1,1,1,1,1,1,1,1,1,1,1,1,1,1,1,1,1,1,1,1,1,1,1,1,1,1,1,1,1,1,1,1,1,1,1,1,1,1,1,1,1,1,1,1,1,1,1,1,1,1,1,1,1,1,1,1,1,1,1,1,1,1,0.992126107,1,1,1,1,1,1,1,1,1,1,1,1,1,1,1,1,1,1,1,1,1,1,1,1,1,1,1,1,1,1,1,1,1,1,1,1,1,1,1,1,1,1,1,1,1,1,1,1,1,1,1,1,1,1,1,1,1,1,1,1,1,1,1,1,1,1,1,1,1,1,1,1,1,1,1,1,1,1,1,1,1,1,1,1,1,1,1,1,1,1,1,1,1,1,1,1,1,1,1,1,1,1,1,1,1,1
0.004812313,0.008126519,0.012345243,0.018832325,0.026760981,0.035035898,0.046434225,0.058624004,0.07920883,0.093638702,0.108146306,0.13014444,0.150383006,0.170148115,0.197502685,0.220935327,0.237478094,0.256628413,0.270330431,0.279488665,0.287855447,0.308313076,0.32576036,0.334897394,0.347115439,0.365149245,0.374547742,0.383621177,0.406036237,0.416925773,0.422776867,0.437362202,0.427603313,0.438415117,0.437595398,0.452562327,0.456689185,0.45900701,0.453113517,0.452095935,0.455282944,0.455282944,0.453254848,0.46376279,0.458074227,0.469020295,0.489477924,0.507624795,0.558800667,0.607121658,0.654085873,0.703770705,0.719628017,0.744919159,0.771157216,0.801373735,0.819697269,0.855072361,0.871643394,0.899005031,0.919886653,0.934076262,0.934076262,0.959303805,0.977641472,0.98877127,0.996247668,1,1,1,1,1,1,1,1,1,1,1,1,1,1,1,1,1,1,1,1,1,1,1,1,1,1,1,1,1,1,1,1,1,1,1,1,1,1,0.996247668,0.996247668,0.992509469,0.996247668,1,1,1,1,1,1,1,1,1,1,1,1,1,1,1,1,1,1,1,1,1,1,1,1,1,1,1,1,1,1,1,1,1,1,1,1,1,1,1,1,1,1,1,1,1,1,1,1,1,1,1,1,1,1,1,1,0.996247668,1,1,1,1,1,1,1,1,1,1,1,1,1,1,1,1,1,1,1,1,1,1,1,1,1,1,1,1,1,1,1,1,1,1,1,1,1,1,1,1,1,1,1,1,1,1,1,1,1,1,1,1,1,1,1,1,1,1,1,1,1,1,1,1,1,1,1,1,1,1,1,1,1,1,1,1,1,1,1,1,1,1,1,1,1,1,1,1,1,1,1,1,1,1,1,1,1,1,1,1,1,1,1,1,1,1,1,1,1,1,1,1,1,1,1,1,1,1,1,1,1,1,1,1,1,1,1,1,1,1,1,1,1,1,1,1,1,1,1,1,1,1,1,1,1,1,1,1,1,1,1,1,1,1,1,1,1,1,1,1,1,1,1,1,1,1,1,1,1,1,1,1,1,1,1,1,1,1,1,1,1,1,1,1,1,1,1,1,1,1,1,1,1,1,1,1,1,1,1,1,1,1,1,1,1,1,1,1,1,1,1,1,1,1,1,1,1,1,1,1,1,0.996247668,1,1,1,1,1,1,1,1,1,1,1,1,1,1,1,1,1,1,1,1,1,1,1,1,1,1,1,1,1,1,1,1,1,1,1,1,1,1,1,1,1,1,1,1,1,1,1,1,1,1,1,1,1,1,1,1,1,1,1,1,1,1,1,1,1,1,1,1,1,1,1,1,1,1,1,1,1,1,1,1,1,1,1,1,1,1,1,0.996247668,0.996247668,1,1,1,1,1,1,1,1,1,1,1,1,1,1,1,1,1,1,1,1,1,1,1
0.01148276,0.023762283,0.039885016,0.059850958,0.079035761,0.093721195,0.113155962,0.147432392,0.19111375,0.23442016,0.29734881,0.324844944,0.36021497,0.389117155,0.414582324,0.4677311,0.504007249,0.512099861,0.522754613,0.545688888,0.584058492,0.602743364,0.60483682,0.610617257,0.61436673,0.610617257,0.61436673,0.634051462,0.673420925,0.673420925,0.701073287,0.696042744,0.676545486,0.702479339,0.723101439,0.761596026,0.750285116,0.7731569,0.790966895,0.826899342,0.851395897,0.858457404,0.866425034,0.83942883,0.783155494,0.784967739,0.723101439,0.687668922,0.664234717,0.634051462,0.589432736,0.553812745,0.533003171,0.515818088,0.505694512,0.500007811,0.502819916,0.511881142,0.525379244,0.553812745,0.582871159,0.638175882,0.697480042,0.733787436,0.779031074,0.861082035,0.916824197,0.931384649,1,1,1,1,1,1,1,1,1,1,1,1,1,1,1,1,1,1,1,1,1,1,1,1,1,1,1,1,1,1,1,1,1,1,1,1,1,1,1,1,1,1,1,1,1,1,1,1,1,1,1,1,1,1,1,1,1,1,1,1,1,1,1,1,1,1,1,1,1,1,1,1,1,1,1,1,1,1,1,1,1,1,1,1,1,1,1,1,1,1,1,1,1,1,1,1,1,1,1,1,1,1,1,1,1,1,1,1,1,1,1,1,1,1,1,1,1,1,1,1,1,1,1,1,1,1,1,1,1,1,1,1,1,1,1,1,1,1,1,1,1,1,1,1,1,1,1,1,1,1,1,1,1,1,1,1,1,1,1,1,1,1,1,1,1,1,1,1,1,1,1,1,1,1,1,1,1,1,1,1,1,1,1,1,1,1,1,1,1,1,1,1,1,1,1,1,1,1,1,1,1,1,1,1,1,1,1,1,1,1,1,1,1,1,1,1,1,1,1,1,1,1,1,1,1,1,1,1,1,1,1,1,1,1,1,1,1,1,1,1,1,1,1,1,1,1,1,1,1,1,1,1,1,1,1,1,1,1,1,1,1,1,1,1,1,1,1,1,1,1,1,1,1,1,1,1,1,1,1,1,1,1,1,1,1,1,1,1,1,1,1,1,1,1,1,1,1,1,1,1,1,1,1,1,1,1,1,1,1,1,1,1,1,1,1,1,1,1,1,1,1,1,1,1,1,1,1,1,1,1,1,1,1,1,1,1,1,1,1,1,1,1,1,1,1,1,1,1,1,1,1,1,1,1,1,1,1,1,1,1,1,1,1,1,1,1,1,1,1,1,1,1,1,1,1,1,1,1,1,1,1,1,1,1,1,1,1,1,1,1,1,1,1,1,1,1,1,1,1,1,1,1,1,1,1,1,1,1,1,1,1,1,1,1,1,1,1,1,1,1,1,1,1,1,1,1,1,1,1,1,1,1
0.004875912,0.009815422,0.016528634,0.026280457,0.037240658,0.048773249,0.059323591,0.076043021,0.089186783,0.100323647,0.108845893,0.118378653,0.120922607,0.126229578,0.131338685,0.140002261,0.152644299,0.162148793,0.175539884,0.195495788,0.215098366,0.236545311,0.264528803,0.294215332,0.314008706,0.32153457,0.323378936,0.340444627,0.352627339,0.378363672,0.405668777,0.43787806,0.485958788,0.545854769,0.589158517,0.625219063,0.653209622,0.669010402,0.698993725,0.759667025,0.812319803,0.858238171,0.916515914,0.937764995,0.944817401,0.962943072,0.973945672,0.977641472,0.985075471,0.988785403,0.992509469,0.992509469,1,0.996247668,0.992502403,1,1,1,1,1,1,1,1,1,1,1,1,1,1,1,1,1,1,1,1,1,1,1,1,1,1,1,1,1,1,1,1,1,1,1,1,1,1,1,1,1,1,1,1,1,1,1,1,1,1,1,1,1,1,1,1,1,1,1,1,1,1,1,1,1,1,1,1,1,1,1,1,1,1,1,1,1,1,1,1,1,1,1,1,1,1,1,1,1,1,1,1,1,1,1,1,1,1,1,1,1,1,1,1,1,1,1,1,1,1,0.996247668,1,1,1,1,1,1,1,1,1,1,1,1,1,1,1,1,1,1,1,1,1,1,1,1,1,1,1,1,1,1,1,1,1,1,1,1,1,1,1,1,1,1,1,1,1,1,1,1,1,1,1,1,1,1,1,1,1,1,1,1,1,1,1,1,1,1,1,1,1,1,1,1,1,1,1,1,1,1,1,1,1,1,1,1,1,1,1,1,1,1,1,1,1,1,1,1,1,1,1,1,1,1,1,1,1,1,1,1,1,1,1,1,1,1,1,1,1,1,1,1,1,1,1,1,1,1,1,1,1,1,1,1,1,1,1,1,1,1,1,1,1,1,1,1,1,1,1,1,1,1,1,1,1,1,1,1,1,1,1,1,1,1,1,1,1,1,1,1,1,1,1,1,1,1,1,1,1,1,1,1,1,1,1,1,1,1,1,1,1,1,1,1,1,1,1,1,1,1,1,1,1,1,1,1,1,1,1,1,1,1,1,1,1,1,1,1,1,1,1,1,1,1,1,1,1,1,1,1,1,1,1,1,1,1,1,1,1,1,1,1,1,1,1,1,1,1,1,1,1,1,1,1,1,1,1,1,1,1,1,1,1,1,0.996247668,1,1,1,1,1,1,1,1,1,1,1,1,1,1,1,1,1,1,1,1,1,1,1,1,1,1,1,1,1,1,1,1,1,1,1,1,1,1,1,1,1,1,1,1,1,1,1,1,1,1,1,1,1,1,1,1,1,1,1,1,1,1,1,1,1,1,1,1,1,1,1
0.010326673,0.019294162,0.028324142,0.037104157,0.051508382,0.07228671,0.084253777,0.110812542,0.142089394,0.178834226,0.199550063,0.209923604,0.219547251,0.227702354,0.237201019,0.251948945,0.259572873,0.271102501,0.274508272,0.28106985,0.269977659,0.29578653,0.317908419,0.331718977,0.327188364,0.337311941,0.348060429,0.375650299,0.409364308,0.43239232,0.441953475,0.521036104,0.534284241,0.549375869,0.594432033,0.651017826,0.674795732,0.700417129,0.673920855,0.676326767,0.662203753,0.659985315,0.64145667,0.612335765,0.57418488,0.5463138,0.529066225,0.513130966,0.505694512,0.50094518,0.502819916,0.515818088,0.527191489,0.553812745,0.592807261,0.646612195,0.692543236,0.733787436,0.755909325,0.803152682,0.821900045,0.84120983,0.84120983,0.84120983,0.847771407,0.867831086,0.874642628,0.888453186,0.902513709,0.931384649,0.961255448,0.961255448,0.968879376,0.968879376,0.976565795,0.976565795,1,1,1,1,1,1,1,1,1,1,1,1,1,1,1,1,1,1,1,1,1,1,1,1,1,1,1,1,1,1,1,1,1,1,1,1,1,1,1,1,1,1,1,1,1,1,1,1,1,1,1,1,1,1,1,1,1,1,1,1,1,1,1,1,1,1,1,1,1,1,1,1,1,1,1,1,1,1,1,1,1,1,1,1,1,1,1,1,1,1,1,1,1,1,1,1,1,1,1,1,1,1,1,1,1,1,1,1,1,1,1,1,1,1,1,1,1,1,1,1,1,1,1,1,1,1,1,1,1,1,1,1,1,1,1,1,1,1,1,1,1,1,1,1,1,1,1,1,1,1,1,1,1,1,1,1,1,1,1,1,1,1,1,1,1,1,1,1,1,1,1,1,1,1,1,1,1,1,1,1,1,1,1,1,1,1,1,1,1,1,1,1,1,1,1,1,1,1,1,1,1,1,1,1,1,1,1,1,1,1,1,1,1,1,1,1,1,1,1,1,1,1,1,1,1,1,1,1,1,1,1,1,1,1,1,1,1,1,1,1,1,1,1,1,1,1,1,1,1,1,1,1,1,1,1,1,1,1,1,1,1,1,1,1,1,1,1,1,1,1,1,1,1,1,1,1,1,1,1,1,1,1,1,1,1,1,1,1,1,1,1,1,1,1,1,1,1,1,1,1,1,1,1,1,1,1,1,1,1,1,1,1,1,1,1,1,1,1,1,1,1,1,1,1,1,1,1,1,1,1,1,1,1,1,1,1,1,1,1,1,1,1,1,1,1,1,1,1,1,1,1,1,1,1,1,1,1,1,1,1,1,1,1,1,1,1,1,1,1,1,1,1,1,1,1,1,1,1,1,1,1,1,1,1,1,1,1,1,1,1,1,1,1,1,1,1,1,1,1,1,1,1,1,1,1,1,1,1,1,1,1,1,1,1,1,1,1,1,1,1,1,1,1,1
0.004840579,0.008543445,0.012394709,0.016295438,0.021934536,0.029241336,0.035905082,0.043275482,0.049925095,0.058927865,0.068227429,0.083491153,0.09537707,0.110103737,0.128872463,0.150185143,0.176889592,0.217218328,0.240764034,0.292010572,0.327894454,0.350881904,0.373381763,0.402467635,0.417590028,0.441538527,0.454745887,0.470440669,0.498304031,0.508875572,0.548858047,0.583547685,0.607185256,0.641973826,0.673589519,0.712172819,0.760239414,0.812913393,0.842366725,0.865502572,0.885380745,0.888765617,0.916480581,0.941269998,0.95937447,0.973959806,0.98877127,1,1,1,1,0.996247668,1,1,1,1,1,1,1,1,1,1,1,1,1,1,1,1,1,1,1,1,1,1,1,1,1,1,1,1,1,1,1,1,1,1,1,1,1,1,1,1,1,1,1,1,1,1,1,1,1,1,1,1,1,1,1,1,1,1,1,1,1,1,1,1,1,1,1,1,1,1,1,1,1,1,1,1,1,1,1,1,1,1,1,1,1,1,1,1,1,1,1,1,1,1,1,1,1,1,1,1,0.996247668,1,1,1,1,1,1,1,1,1,1,1,1,1,1,1,1,1,1,1,1,1,1,1,1,1,1,1,1,1,1,1,1,1,1,1,1,1,1,1,1,1,1,1,1,1,1,1,1,1,1,1,1,1,1,1,1,1,1,1,1,1,1,1,1,1,1,1,1,1,1,1,1,1,1,1,1,1,1,1,1,1,1,1,1,1,1,1,1,1,1,1,1,1,1,1,1,1,1,1,1,1,1,1,1,1,1,1,1,1,1,1,1,1,1,1,1,1,1,1,1,1,1,1,1,1,1,1,1,1,1,1,1,1,1,1,1,1,1,1,1,1,1,1,1,0.996247668,1,1,1,1,1,1,1,1,1,1,1,1,1,1,1,1,1,1,1,1,1,1,1,1,1,1,1,1,1,1,1,1,1,1,1,1,1,1,1,1,1,1,1,1,1,1,1,1,1,1,1,1,1,1,1,1,1,1,1,1,1,1,1,1,1,1,1,1,1,1,1,1,1,1,1,1,1,1,1,1,1,1,1,1,1,1,1,1,1,1,1,1,1,1,1,1,1,1,1,1,1,1,1,1,1,1,1,1,1,1,1,1,1,1,1,1,1,1,1,1,1,1,1,1,1,1,1,1,1,1,1,1,1,1,1,0.996247668,1,1,1,1,1,1,1,1,1,1,1,1,1,1,1,1,1,1,1,1,1,1,1,1,1,1,1,1,1,1,1,1,1,1,1,1,0.996247668,1,1,1,1,1,1,1,1,1,1,1,1,1,1,1,1,1,1,1,1,1,1,1,1,1,1,1,1,1